Station Name,Station Code,State,
Abada,ABB,West Bengal,
Argora,AOR,Jharkhand,
Abhaipur,AHA,Bihar,
Acharya Narendra Dev,ACND,Uttar Pradesh,
Abhayapuri,AYU,Assam,
Abohar,ABS,Punjab,
Abu Road,ABR,Rajasthan,
Acharapakkam,ACK,Tamil Nadu,
Achalganj,ACH,Uttar Pradesh,
Achalpur,ELP,Maharashtra,
Achhalda,ULD,Uttar Pradesh,
Achhnera Junction,AH,Uttar Pradesh,
Adarshnagar,AHO,Rajasthan,
Adarshnagar Delhi,ANDI,Delhi,
Adas Road,ADD,Gujarat,
Adesar,AAR,Gujarat,
Adgaon Buzurg,ABZ,Maharashtra,
Adilabad,ADB,Telangana,
Adipur,AI,Gujarat,
Adityapur,ADTP,Jharkhand,
Adoni,AD,Andhra Pradesh,
Adra Junction,ADRA,West Bengal,
Aduturai,ADT,Tamil Nadu,
Agartala,AGTL,Tripura,
Agas,AGAS,Gujarat,
Agasod,AGD,Madhya Pradesh,
Ataria,AA,Uttar Pradesh,
Amb Andaura,AADR,Himachal Pradesh,
Angar,AAG,Maharashtra,
Angadippuram,AAM,Kerala,
Ambiapur,AAP,Uttar Pradesh,
Ambikeshwar,ABE,Madhya Pradesh,
Arabagatta H,ABGT,Karnataka,
Ambale,ABLE,Maharashtra,
Asthal Bohar Junction,ABO,Haryana,
Ambattur,ABU,Tamil Nadu,
Abutara Halt,ABW,West Bengal,
Ambari,ABX,Maharashtra,
Ambarnath,ABH,Maharashtra,
Ambivli,ABY,Maharashtra,
Aghwanpur,AWP,Uttar Pradesh,
Agomoni,AGMN,Assam,
Agori Khas,AGY,Uttar Pradesh,
Agra Cantonment,AGC,Uttar Pradesh,
Agra City,AGA,Uttar Pradesh,
Agra Fort,AF,Uttar Pradesh,
Ahalyapur,AHLR,Uttar Pradesh,
Ahmadgarh,AHH,Punjab,
Ahmednagar,ANG,Maharashtra,
Ahmedpur Junction,AMP,West Bengal,
Ahmedabad Junction,ADI,Gujarat,
Ahraura Road,ARW,Uttar Pradesh,
Airoli,AIRL,Maharashtra,
Aishbagh,ASH,Uttar Pradesh,
Ait,AIT,Uttar Pradesh,
Aithal,ATMO,Uttarakhand,
Ajaibpur,AJR,Uttar Pradesh,
Ajanti,ANI,Madhya Pradesh,
Ajaraka,AIA,Rajasthan,
Ajgain,AJ,Uttar Pradesh,
Ajhai,AJH,Uttar Pradesh,
Ajit,AJIT,Rajasthan,
Ajmer Junction,AII,Rajasthan,
Ajni,AJNI,Maharashtra,
Akalkot Road,AKOR,Maharashtra,
Akaltara,AKT,Chhattisgarh,
Akanapet,AKE,Andhra Pradesh,
Akbarganj,AKJ,Uttar Pradesh,
Akbarpur,ABP,Uttar Pradesh,
Akividu,AKVD,Andhra Pradesh,
Akodia,AKD,Madhya Pradesh,
Akola Junction,AK,Maharashtra,
Akolner,AKR,Maharashtra,
Akona,AKW,Uttar Pradesh,
Akot,AKOT,Maharashtra,
Akurdi,AKRD,Maharashtra,
Alamnagar,AMG,Uttar Pradesh,
Aler,ALER,Telangana,
Algapur,ALGP,Assam,
Algawan,AIG,Uttar Pradesh,
Alia Bada,ALB,Gujarat,
Aligarh Junction,ALJN,Uttar Pradesh,
Alipurduar,APD,West Bengal,
Alipurduar Junction,APDJ,West Bengal,
Allahabad City,ALY,Uttar Pradesh,
Allahabad Junction,ALD,Uttar Pradesh,
Alappuzha,ALLP,Kerala,
Almatti,LMT,Karnataka,
Alnavar Junction,LWR,Karnataka,
Alniya,ALNI,Rajasthan,
Aluabari Road,AUB,West Bengal,
Alwar,AWR,Rajasthan,
Aluva,AWY,Kerala,
Amalner,AN,Maharashtra,
Amalsad,AML,Gujarat,
Aman Vadi,AMW,Maharashtra,
Amarpura,APA,Rajasthan,
Amausi,AMS,Uttar Pradesh,
Ambagaon,AGB,Odisha,
Ambala Cantonment,UMB,Haryana,
Ambala City,UBC,Haryana,
Ambalappuzha,AMPA,Kerala,
Ambari Falakata,ABFC,West Bengal,
Ambarnath,ABH,Maharashtra,
Ambassa,ABSA,Tripura,
Ambasamudram,ASD,Tamil Nadu,
Ambattur,ABU,Tamil Nadu,
Ambaturai,ABI,Tamil Nadu,
Ambika Kalna,ABKA,West Bengal,
Ambikapur,ABKP,Chhattisgarh,
Ambli Road,ABD,Gujarat,
Ambliyasan,UMN,Gujarat,
Ambodala,AMB,Odisha,
Ambur,AB,Tamil Nadu,
Amethi,AME,Uttar Pradesh,
Amgaon,AGN,Maharashtra,
Amguri,AGI,Assam,
Amla Junction,AMLA,Madhya Pradesh,
Amlai,AAL,Madhya Pradesh,
Amlakhurd,AMX,Madhya Pradesh,
Amli,AMLI,Rajasthan,
Ammasandra,AMSA,Karnataka,
Amoni,AONI,Assam,
Amravati,AMI,Maharashtra,
Amreli,AE,Gujarat,
Amritsar Junction,ASR,Punjab,
Amritvel,AVL,Gujarat,
Amroha,AMRO,Uttar Pradesh,
Anakapalle,AKP,Andhra Pradesh,
Anand Junction,ANND,Gujarat,
Anand Nagar,ANDN,Uttar Pradesh,
Anand Vihar,ANVR,Delhi,
Anandpur Sahib,ANSB,Punjab,
Anandtandavpur,ANP,Tamil Nadu,
Anantapur,ATP,Andhra Pradesh,
Anaparti,APT,Andhra Pradesh,
Anara,ANR,West Bengal,
Anas,ANAS,Gujarat,
Andal Junction,UDL,West Bengal,
Andheri,ADH,Maharashtra,
Angamaly,AFK,Kerala,
Angul,ANGL,Odisha,
Anipur,APU,Assam,
Anjangaon,ANJ,Maharashtra,
Anjani,ANO,Maharashtra,
Anjar,AJE,Gujarat,
Anjhi Shahabad,AJI,Uttar Pradesh,
Ankai,ANK,Maharashtra,
Ankleshwar Junction,AKV,Gujarat,
Ankola,ANKL,Karnataka,
Annanur,ANNR,Tamil Nadu,
Annavaram,ANV,Andhra Pradesh,
Annigeri,NGR,Karnataka,
Anpara,ANPR,Uttar Pradesh,
Antah,ATH,Rajasthan,
Antu,ANTU,Uttar Pradesh,
Anugraha Narayan Road,AUBR,Bihar,
Anupgarh,APH,Rajasthan,
Anuppur Junction,APR,Madhya Pradesh,
Anupshahr,AUS,Uttar Pradesh,
Aonla,AO,Uttar Pradesh,
Ara,ARA,Bihar,
Arakkonam Junction,AJJ,Tamil Nadu,
Araku,ARK,Andhra Pradesh,
Aralvaymozhi,AAY,Tamil Nadu,
Arariya,ARR,Bihar,
Arariya Court,ARQ,Bihar,
Arasur,ARS,Tamil Nadu,
Aravalli Road,AVRD,Maharashtra,
Arunachal,ARCL,Assam,
Aravankadu,AVK,Tamil Nadu,
Ariyalur,ALU,Tamil Nadu,
Arjansar,AS,Rajasthan,
Arnetha,ARE,Rajasthan,
Arni Road,ARV,Tamil Nadu,
Arsikere Junction,ASK,Karnataka,
Aruppukottai,APK,Tamil Nadu,
Arvi,ARVI,Maharashtra,
Aryankavu,AYV,Kerala,
Asafpur,AFR,Uttar Pradesh,
Asalpur Jobner,JOB,Rajasthan,
Asangaon,ASO,Maharashtra,
Asansol Junction,ASN,West Bengal,
Asaoti,AST,Haryana,
Ashok Nagar,ASKN,Madhya Pradesh,
Aslana,ANA,Madhya Pradesh,
Aslaoda,ASL,Madhya Pradesh,
Asnoti,AT,Karnataka,
Asokhar,AXK,Madhya Pradesh,
Asranada,AAS,Rajasthan,
Atari,ATT,Punjab,
Atarra,ATE,Uttar Pradesh,
Ateli,AEL,Haryana,
Atgaon,ATG,Maharashtra,
Athipattu,AIP,Tamil Nadu,
Athipattu Pudhunagar,AIPP,Tamil Nadu,
Atrampur,ARP,Uttar Pradesh,
Atrauli Road,AUR,Uttar Pradesh,
Atru,ATRU,Rajasthan,
Attabira,ATS,Odisha,
Attar,ATR,Madhya Pradesh,
Attur,ATTR,Tamil Nadu,
Aujari,AJRE,Assam,
Aulenda,AED,Uttar Pradesh,
Aunrihar Junction,ARJ,Uttar Pradesh,
Aurangabad,AWB,Maharashtra,
Auvaneswarem,AVS,Kerala,
Auwa,AUWA,Rajasthan,
Avadi,AVD,Tamil Nadu,
Ayodhya,AY,Uttar Pradesh,
Azamgarh,AMH,Uttar Pradesh,
Azamnagar Road,AZR,Bihar,
Azara,AZA,Assam,
Azimganj City,ACLE,West Bengal,
Azimganj Junction,AZ,West Bengal,
B[edit],,,
Station Name,Station Code,State,
Babarpur,BBDE,Haryana,
Babatpur,BTP,Uttar Pradesh,
Bebejia,BEE,Assam,
Babhnan,BV,Uttar Pradesh,
Babina,BAB,Madhya Pradesh,
Babrala,BBA,Uttar Pradesh,
Babugarh,BBO,Uttar Pradesh,
Babupeth,BUPH,Maharashtra,
Bacheli,BCHL,Chhattisgarh,
Bachhrawan,bgl,Uttar Pradesh,
Bachwara Junction,BCA,Bihar,
Badmal,BUDM,Odisha,
Baad,BAD,Uttar Pradesh,
Badami,BDM,Karnataka,
Badampahar,BMPR,Jharkhand,
Badampudi,BPY,Andhra Pradesh,
Badurpur Ghat,BPG,Assam,
Badarpur Junction,BPB,Assam,
Badausa,train,Uttar Pradesh,
Badgam,BDGM,Jammu & Kashmir,
Badhada,BDHA,Gujarat,
Badhal,BDHL,Rajasthan,
Badlapur,BUD,Maharashtra,
Badli,BHD,Delhi,
Badnapur,BDU,Maharashtra,
Badnera Junction,BD,Maharashtra,
Badshahnagar,BNZ,Uttar Pradesh,
Badshahpur,BSE,Haryana,
Badwasi,BWS,Rajasthan,
Bagaha,BUG,Bihar,
Bagalkot,BGK,Karnataka,
Bagbahra,BGBR,Chhattisgarh,
Bagetar,BF,Assam,
Bagevadi Rd,BSRX,Karnataka,
Baghauli,BGH,Uttar Pradesh,
Baghora,BJQ,Madhya Pradesh,
Bagra Tawa,BGTA,Madhya Pradesh,
Bagri Nagar,BQN,,
Bagri Sajjanpur,BGX,,
Bagwali,BWB,,
Bahadur Singh W,BSS,,
Bahadurgarh,BGZ,Haryana,
Bahadurpur,BPD,,
Baheri,BHI,,
Bahilpurwa,BIP,,
Bahirkhand,BHAW,West Bengal,
Bahjoi,BJ,,
Bahraich,BRK,Uttar Pradesh,
Baidyanathdham,BDME,Jharkhand,
Baihata Chariali,BIZ,Assam,
Baiguda,BGUA,Odisha,
Baijnathpur,BYP,,
Baikunthpur Rd,BRH,Chhattisgarh,
Bainchi / Boinchi,BOI,West Bengal,
Bairabi (Bhairabi),BHRB,Mizoram,
Bairapur,BIP,Madhya Pradesh,
Bairagnia,BGU,,
Baitalpur,BALR,,
Bajva,BJW,,
Bakhtiyarpur Junction,BKP,Bihar,
Bakra Road,BK,Rajasthan,
Balaghat,BTC,Madhya Pradesh,
Balamau Junction,BLM,Uttar Pradesh,
Balangir,BLGR,Odisha,
Balasore,BLS,Odisha,
Balauda Takun,BLDK,,
Balawala,BLWL,,
Balawali,BLW,,
Balharshah,BPQ,Maharashtra,
Baliakheri,BAE,,
Balikotia,BKS,Assam,
Balipara,BVU,Assam,
Ballabhgarh,BVH,Haryana,
Balli,BLLI,,
Ballia,BUI,Uttar Pradesh,
Ballupur,BAPR,Uttar Pradesh,
Bally,BLY,West Bengal,
Ballygunge Junction,BLN,West Bengal,
Balrampur,BLP,Madhya Pradesh,
Balsamand,BLSD,,
Balugan,BALU,Odisha,
Balwa,WAB,,
Balwara,BAWA,Rajasthan,
Bamangachhi,BMG,West Bengal,
Bamanheri,BMHR,,
Bamhani,BMW,,
Bamla,BMLL,Haryana,
Bamnia,BMI,,
Bamsin,BMSN,Rajasthan,
Bamra,BMB,Odisha,
Bamsin,BMSN,,
Bamuni Gaon,BGMN,Assam,
Banahi,BYN,,
Banapura,BPF,Madhya Pradesh,
Banar,BNO,Rajasthan,
Banarhat,BNQ,West Bengal,
Banas,BNS,Rajasthan,
Banaswadi,BAND,[Karnataka],
Banasandra,BSN,Karnataka,
Banbasa,BNSA,,
Banda Junction,BNDA,Uttar Pradesh,
Bandakpur,BNU,,
Bandanwara,BDW,Rajasthan,
Bandarkhal,BXK,Assam,
Bandel Junction,BDC,West Bengal,
Bandh Bareta,BR,,
Bandikui Junction,BKI,Rajasthan,
Bandra,BA,Maharashtra,
Bandra Terminus,BDTS,Maharashtra,
Bangalore Cantonment,BNC,Karnataka,
Bangalore City Junction,SBC,Karnataka,
Bangalore East,BNCE,Karnataka,
Bangarapet,BWT,Karnataka,
Bangarapet,BWY,Karnataka,
Bangrod,BOD,,
Bani,BANI,,
Baniya Sanda DH,BSDA,,
Bankata,BTK,,
Bankura,BQA,West Bengal,
Bankura,BQK,West Bengal,
Banmankhi Junction,BNKI,Bihar,
Banmor,BAO,,
Bansdih Road,BCD,,
Banshlai Bridge,BSBR,,
Bansi Paharpur,BIQ,,
Bansipur,BSQP,,
Banasthali Niwai,BNLW,Rajasthan,
Banta Raghunathgarh,BGG,,
Bantawala,BNTL,Karnataka,
Banthra,BTRA,,
Banwali,BWC,,
Baori Thikria,BOTI,,
Bapatla,BPP,Andhra Pradesh,
Bar,BAR,,
Bara Jamda,BJMD,Jharkhand,
Barabanki Junction,BBK,Uttar Pradesh,
Barabhum,BBM,West Bengal,
Barbil,BBN,Odisha,
Baradwar,BUA,,
Baragaon,BNM,,
Barahu,BRHU,Assam,
Baraigram Junction,BRGM,Assam,
Barakar,BRR,West Bengal,
Baral,BARL,,
Baramati,BRMT,Maharashtra,
Baran,BAZ,Rajasthan,
Baranagar,BARN,West Bengal,
Barara,RAA,Haryana,
Barasat Junction,BT,West Bengal,
Barauni Junction,BJU,Bihar,
Barbatpur,BBTR,,
Barchi Road,BCRD,,
Barddhaman Junction,BWN,West Bengal,
Bardoli,BIY,Gujarat,
Bareilly,BE,Uttar Pradesh,
Bareilly,BRY,Uttar Pradesh,
Bareilly Cantt,BRYC,Uttar Pradesh,
Barejadi,BJD,,
Bareta,BRZ,,
Bareth,BET,Madhya Pradesh,
Bargarh Road,BRGA,Odisha,
Bargawan,BRGW,,
Barh,BARH,Bihar,
Barhan,BRN,,
Barharwa Junction,BHW,Jharkhand,
Barhiya,BRYA,Bihar,
Barhni,BNY,Uttar Pradesh,
Bari Brahman,BBMN,Jammu & Kashmir,
Bariarpur,BUP,Bihar,
Barkakana,BRKA,Jharkhand,
Barkur,BKJ,Karnataka,
Barlai,BLAX,,
Barmer,BME,Rajasthan,
Barnagar,BNG,West Bengal,
Barnala,BNN,Punjab,
Barog,BOF,Himachal Pradesh,
Barpali,BRPL,Odisha,
Barpeta Road,BPRD,Assam,
Barrackpore,BP,West Bengal,
Barsathi,BSY,,
Barsi Takli,BSQ,Maharashtra,
Barsi Town,BTW,Maharashtra,
Barsoi Junction,BOE,Bihar,
Barsola,BZO,,
Barsuan,BXF,Odisha,
Bartara,BTRA,Uttar Pradesh,
Baruva,BAV,,
Baruipur Junction,BRP,West Bengal,
Barwa Sagar,BWR,,
Barwadih Junction,BRWD,Jharkhand,
Barwaha,BWW,,
Barya Ram,BYHA,,
Basai,BZY,,
Basar,BSX,Telangana,
Basbari,BSI,Assam,
Basharatganj,BTG,,
Basi Kiratpur,BSKR,,
Basin Bridge,BBQ,Tamil Nadu,
Basmat,BMF,Maharashtra,
Basni,BANE,Rajasthan,
Bassi Pathana,BSPN,Punjab,
Basta,BTS,Odisha,
Basti,BST,Uttar Pradesh,
Basugaon,BSGN,Assam,
Baswa,BU,,
Batadrowa Road,BTDR,Assam,
Batala Junction,BAT,Punjab,
Bauria Junction,BVA,West Bengal,
Bavla,VLA,,
Bawal,BWL,Haryana,
Bawani Khera,BWK,Haryana,
Bayana Junction,BXN,Rajasthan,
Baytu,BUT,,
Bazida Jatan,BZJT,Haryana,
Bazpur,BPZ,Uttarakhand,
Bazurghat,BZGT,Assam,
Beas,BEAS,Punjab,
Beawar,BER,Rajasthan,
Begunkodor,,West BengalER/Eastern Railway,
Bedetti,BVV,,
Begampet,BMT,Telangana,
Begu Sarai,BGS,Bihar,
Behtagokul,BEG,,
Behula,,West Bengal,
Bejnal,BJN,,
Bela Tal,BTX,Uttar Pradesh,
Belampalli,BPA,Telangana,
Belapur,BAP,Maharashtra,
Belgahna,BIG,,
Belgharia,BEL,WEST BENGAL,
Belgaum,BGM,Karnataka,
Belha,BYL,,
Bellary Junction,BAY,Karnataka,
Bellary Cantonment,BYC,Karnataka,
Belpahar,BPH,Odisha,
Belrayan,BXM,,
Belsiri,BLRE,,
Belthara Road,BLTR,Uttar Pradesh,
Belur,BEQ,,
Belvandi,BWD,,
Beohari,BEHR,Madhya Pradesh,
Berchha,BCH,Madhya Pradesh,
Berhampore Court,BPC,West Bengal,
Brahmapur,BAM,Odisha,
Besroli,BSRL,,
Betavad,BEW,,
Bettiah,BTH,Bihar,
Betul,BZU,Madhya Pradesh,
Bhabhar,BAH,,
Bhabua Road,BBU,Bihar,
Bhachau,BCO,Gujarat,
Bhachau BG,BCOB,Gujarat,
Bhadan,BDN,Uttar Pradesh,
Bhadaura,BWH,,
Bhadbhadaghat,BVB,,
Bhadli,BDI,,
Bhadohi,BOY,Uttar Pradesh,
Bhadra,BHD,Rajasthan,
Bhadrachalam Road,BDCR,Telangana,
Bhadrak,BHC,Odisha,
Bhadran,,Gujarat,
Bhadravati,BDVT,Karnataka,
Bhadroli,BBY,,
Bhaga Junction,VAA,,
Bhagalpur,BGP,Bihar,
Bhagat Ki Kothi,BGKT,Rajasthan,
Bhagega,BAGA,,
Bhagtanwala,BGTN,,
Bhagwanpur,BNR,,
Bhagwanpura,BGPR,,
Bhaini Khurd,BZK,Haryana,
Bhairongarh,BOG,,
Bhakti Nagar,BKNG,Gujarat,
Bhalki,BHLK,Karnataka,
Bhalumaska,BLMK,Odisha,
Bhanapur,BNP,,
Bhandak,BUX,Maharashtra,
Bhandara Road,BRD,Maharashtra,
Bhandup,,Maharashtra,
Bhanga,BXG,Assam,
Bhankoda,BKD,,
Bharat Kup,BTKP,,
Bharatkund,BTKD,,
Bharatpur Junction,BTE,Rajasthan,
Bharatwada,BWRA,,
Bharthana,BNT,Uttar Pradesh,
Bharuch Junction,BH,Gujarat,
Bharwa Sumerpur,BSZ,,
Bharwari,BRE,,
Bhatel,BHTL,,
Bhatgaon,BOV,,
Bhatinda Junction,BTI,Punjab,
Bhatiya,BHV,,
Bhatkal,BTJL,Karnataka,
Bhatni Junction,BTT,Uttar Pradesh,
Bhaton Ki Gali,BHG,,
Bhatpar Rani,BHTR,,
Bhatpur,BTPR,,
Bhattu,BHT,Haryana,
Bhaunra,BNVD,,
Bhavanagar Para,BVP,Gujarat,
Bhavani Nagar,BVNR,,
Bhavnagar Terminus,BVC,Gujarat,
Bhawani Mandi,BWM,Rajasthan,
Bhawanipatna,BWIP,Odisha,
Bhawanipur Kalan,BWP,,
Bhayandar,BYR,Maharashtra,
Bhayavadar,BHY,Gujarat,
Bheempura,BIPR,Rajasthan,
Bheerpur,BEP,,
Bhemswadi,BSWD,,
Bheraghat,BRGT,Madhya Pradesh,
Bhesana,BFY,,
Bhigwan,BGVN,,
Bhilad,BLD,Gujarat,
Bhilai Power House,BPHB,Chhattisgarh,
Bhilainagar,BQR,Chhattisgarh,
Bhilavdi,BVQ,,
Bhildi,BLDI,Gujarat,
Bhilwara,BHL,Rajasthan,
Bhimal,BIML,,
Bhimana,BMN,,
Bhimarlai,BMQ,,
Bhimasar,BMSR,,
Bhimavaram Junction,BVRM,Andhra Pradesh,
Bhimavaram Town,BVRT,Andhra Pradesh,
Bhimnath,BNH,,
Bhimsen,BZM,Uttar Pradesh,
Bhind,BIX,Madhya Pradesh,
Bhinwaliya,BWA,,
Bhitaura,BTO,,
Bhivpuri Road,,Maharashtra,
Bhiwandi,BIRD,Maharashtra,
Bhiwani,BNW,Haryana,
Bhiwani City,BNWC,Haryana,
Bhodwal Majri,BDMJ,Haryana,
Bhogpur Sirwal,BPRS,Punjab,
Bhojipura Junction,BPR,Uttar Pradesh,
Bhojo,BOJ,,
Bhojras,BHAS,,
Bhojudih Junction,BJE,Jharkhand,
Bhoke,BOKE,,
Bhone,BHNE,,
Bhongaon,BGQ,Uttar Pradesh,
Bhongir,BG,Telangana,
Bhopal Bairagarh,BIH,Madhya Pradesh,
Bhopal Dewanganj,DWN,Madhya Pradesh,
Bhopal Habibganj,HBJ,Madhya Pradesh,
Bhopal Junction,BPL,Madhya Pradesh,
Bhopal Mandideep,BMND,Madhya Pradesh,
Bhopal Misrod,BMSD,Madhya Pradesh,
Bhopal Nishatpura,BNTP,Madhya Pradesh,
Bhubaneswar railway station,BBS,oOdisha,
Bhuj,BHUJ,Gujarat,
Bhupalsagar,BSJ,,
Bhupia Mau,VPO,,
Bhusaval Junction,BSL,Maharashtra,
Bhutakia Bhimsa,BUBR,,
Bhusaval,BSL,Maharashtra,
Bibinagar Junction,BN,Telangana,
Bichia,BIC,,
Bichpuri,BCP,Uttar Pradesh,
Bidadi,BID,Karnataka,
Bidanpur,BDNP,,
Bidar,BIDR,Karnataka,
Bidhan Nagar Road,BNXR,West Bengal,
Bidupur,BIU,[Bihar],
Bidyadabri,BDYR,Assam,
Bighapur,BQP,,
Bihara,BHZ,Assam,
Bihar Sharif,BEHS,Bihar,
Bihiya,BEA,Bihar,
Bihta,BTA,[Bihar],
Bijainagar,BJNR,,
Bijapur,BJP,Karnataka,
Bijauli,BJI,,
Bijaysota,VST,,
Bijni,BJF,Assam,
Bijnor,BJO,Uttar Pradesh,
Bijoor,BIJR,Karnataka,
Bijora,BJK,,
Bijrotha,BJA,,
Bijuri,BJRI,,
Bikaner Junction,BKN,Rajasthan,
Bikrampur,BMR,,
Bilaspur,BSP,Chhattisgarh,
Bilaspur Road,BLOR,Himachal Pradesh,
Bildi,BILD,,
Bilhar Ghat,BLG,,
Bilhaur,BLU,,
Bilimora Junction,BIM,Gujarat,
Bilkha,BILK,,
Billi,BXLL,,
Bilpur,BLPU,,
Bilwai,BWI,,
Bina Junction,BINA,Madhya Pradesh,
Binaur,BNAR,,
Bindki Road,BKO,Uttar Pradesh,
Binnaguri,BNV,West Bengal,
Bir,BIR,,
Biradhwal,BDWL,,
Birambad,BAMA,,
Birang Khera,BMK,,
Birapatti,BRPT,,
Birlanagar,BLNR,Madhya Pradesh,
Birmitrapur,BRMP,Odisha,
Birohe,BEO,,
Biroliya,BRLY,,
Birsinghpur,BRS,,
Birur Junction,RRB,Karnataka,
Bisalwas Kalan,BIWK,,
Bishengarh,BISH,Rajasthan,
Bishnathganj,BTJ,,
Bishnupur railway station,VSU,West Bengal,
Bishrampur,BSPR,Chhattisgarh,
Bissam Cuttack,BMCK,Odisha,
Bissau,BUB,Rajasthan,
Biswa Bridge,BIS,Maharashtra,
Biswan,BVN,,
Biyavra,BVR,Madhya Pradesh,
Biyavra Rajgarh,BRRG,Madhya Pradesh,
Bobas,BOBS,,
Bobbili Junction,VBL,Andhra Pradesh,
Bodeli,BDE,Gujarat,
Bodhan,BDHN,Telangana,
Bodwad,BDWD,,
Boinda,BONA,Odisha,
Boisar,BOR,Maharashtra,
Bokajan,BXJ,Assam,
Bokaro Steel City,BKSC,Jharkhand,
Bokaro Thermal,BKRO,Jharkhand,
Boko,BOKO,Assam,
Bolai,BLX,,
Bolarum,BMO,Telangana,
Bolda,BLC,,
Bolpur — Santiniketan,BHP,West Bengal,
Bommidi,BQI,Andhra Pradesh,
Bongaigaon,BNGN,Assam,
Borawar,BOW,Rajasthan,
Bordhal,BXY,,
Bordi,BIO,,
Borgaon,BGN,,
Borivali,BVI,Maharashtra,
Borra Guhalu,BGHU,Andhra Pradesh,
Borvihir,BRVR,,
Botad Junction,BTD,Gujarat,
Boxirhat,BXHT,Assam,
Brahmavart,BRT,,
Brajarajnagar,BRJN,Odisha,
Brayla Chaurasi,BRLA,,
Budalur,BAL,,
Budaun,BEM,Uttar Pradesh,
Budhi,BDHY,,
Budhlada,BLZ,Punjab,
Budni,BNI,Madhya Pradesh,
Bulandshahr,BSC,Uttar Pradesh,
Bundi,BUDI,Rajasthan,
Bundki,BEK,,
Burdwan,,West Bengal,
Burhanpur,BAU,Madhya Pradesh,
Burhar,BUH,Madhya Pradesh,
Burhwal,BUW,,
Burnpur,BURN,West Bengal,
Butari,BTR,,
Butewala,BWF,,
Buxar,BXR,Bihar,
Byadarahalli,BDRL,Karnataka,
Byculla,BY,Maharashtra,
Boridand,BRND,Chhattisgarh,
Birati,BBT,West Bengal,
Barai Jalalpur,,Sitapur Uttar Pradesh,
Bangaon Junction,BNJ,[West Bengal],
B B D Bag,BBDB,West Bengal,
Budge Budge,BGB,West Bengal,
Bamangachi,BMG,West Bengal,
Bira,BIRA,West Bengal,
Bidhutibhushan Halt,BNAA,West Bengal,
Belur,BEQ,West Bengal,
Belur Math,BEQM,West Bengal,
Bisharpara Kodaliya,BRPK,West Bengal,
Baghbazar,BBR,West Bengal,
Barabazaar,BZR,West Bengal,
Birnagar,BIJ,West Bengal,
C[edit],,,
Station Name,Station Code,State,
C Shahumaharaj T,KOP,Maharashtra,
Calicut,CLT,Kerala,
Canacona,CNO,Goa,
Cannanore,CAN,Kerala,
Cannanore South,CS,Kerala,
Cansaulim,CSM,,
"Carmelaram (Sarjapur Road, Bangalore)",CRLM,Karnataka,
Castle Rock,CLR,Karnataka,
CBD Belapur,BR,Maharashtra,
Chandanathope,,Kerala,
Chabua,CHB,Assam,
Chachaura Bngj,CBK,,
Chadotar,CDQ,,
Chaibasa,CBSA,Jharkhand,
Chainwa,CW,,
Chajawa,CJW,,
Chajli,CJL,,
Chakdaha,CDH,West Bengal,
Chakdayala,CKDL,,
Chakehri(Kanpur),CHK,Uttar Pradesh,
Chakia,CAA,Bihar,
Chakradharpur,CKP,Jharkhand,
Chakraj Mal,CAJ,,
Chaksu,CKS,Rajasthan,
Chakulia,CKU,Jharkhand,
Chalakudi,CKI,Kerala,
Chalala,CLC,Gujarat,
Chalisgaon Junction,CSN,Maharashtra,
Challakere,CLK,Karnataka,
Chalthan,CHM,Gujarat,
Chamagram,CMX,,
Chamarajanagar,CMNR,Karnataka,
Champa,CPH,Chhattisgarh,
Champaner Rd Junction,CPN,,
Chamraura,CHRU,,
Chand Siau,CPS,,
Chanda Fort,CAF,Maharashtra,
Chandan Nagar,CGR,West Bengal,
Chandar,CNR,,
Chandari(Kanpur),CNBI,Uttar Pradesh,
Chandauli Majhwar,CDMR,Uttar Pradesh,
Chandausi Junction,CH,Uttar Pradesh,
Chandawal,CNL,,
Chanderiya,CNA,,
Chandi Mandir,CNDM,Himachal Pradesh,
Chandia Road,CHD,Madhya Pradesh,
Chandigarh,CDG,Chandigarh,
Chandil Junction,CNI,Jharkhand,
Chandiposi,CPE,,
Chandisar,CDS,,
Chandkhira Bagn,CHBN,Assam,
Chandlodiya,CLDY,Gujarat,
Chandok,CNK,Uttar Pradesh,
Chandranathpur,CNE,Assam,
Chandrapur,CD,Maharashtra,
Chandrapura,CRP,Jharkhand,
Chandresal,CDSL,,
Chandur,CND,Maharashtra,
Chaneti,CHTI,,
Changanacheri,CGY,Kerala,
Changsari,CGS,Assam,
Channani,CHNN,,
Channapatna,CPT,Karnataka,
Chanpatia,CAI,Bihar,
Chaparmukh Junction,CPK,Assam,
Chaprakata,CPQ,Assam,
Charaud,CRW,,
Charbagh Railway Station,LKO,Uttar Pradesh,
Charbatia,CBT,,
Charbhuja Road,CBG,,
Chargola,CGX,Assam,
Charkhari Road,CRC,Uttar Pradesh,
Charkhi Dadri,CKD,Haryana,
Charni Road,CYR,Maharashtra,
Charvattur,CHV,,
Chata,CHJ,Uttar Pradesh,
Chatrapati Shivaji Terminus,CST,Maharashtra,
Chau Mahla,CMU,,
Chaube,CBH,,
Chaukhandi,CHH,,
Chaunrah,CNH,Uttar Pradesh,
Chaurakheri,CRKR,,
Chaure Bazar,CHBR,,
Chauri Chaura,CC,Uttar Pradesh,
Chausa,CSA,Bihar,
Chautara,CROA,Assam,
Chauth Ka Brwra,CKB,,
Chavalkhede,CHLK,,
Chawapall,CHA,,
Chaygaon,CGON,Assam,
Chemancheri,CMC,Tamil Nadu,
Chembur,CM,Maharashtra,
Chengalpattu,CGL,Tamil Nadu,
Chengannur,CNGR,Kerala,
Chennai Beach,MSB,Tamil Nadu,
Chennai Central,MAS,Tamil Nadu,
Chennai Egmore,MS,Tamil Nadu,
Chennai Fort,MSF,Tamil Nadu,
Chennai Park,MPK,Tamil Nadu,
Cheriyanad,CYN,Kerala,
Cherthala,SRTL,Kerala,
Chetar,CTQ,,
Chettinad,CTND,Tamil Nadu,
Chhabra Gugor,CAG,,
Chhandrauli,CDRL,,
Chhansara,CASA,,
Chhapi,CHP,Gujarat,
Chhapra,CPR,Bihar,
Chhapra Kacheri,CI,Bihar,
Chharodi,CE,,
Chhatrapur,CAP,Odisha,
Chhidgaon,CGO,,
Chhina,CHN,,
Chhindwara Junction,CWA,Madhya Pradesh,
Chhipadohar,CPDR,,
Chhitauni,CTE,Uttar Pradesh,
Chhota Gudha,COD,,
Chhoti Odai,COO,,
Chianki,CNF,Jharkhand,
Chidambaram,CDM,Tamil Nadu,
Chiheru,CEU,,
Chikballapur,CBP,Karnataka,
Chikkamagaluru railway station,CMGR,Karnataka,
Chikalthan,CTH,,
Chikjajur Junction,JRU,Karnataka,
Chikni Road,CKNI,Maharashtra,
Chikodi Road,CKR,Karnataka,
Chilbila Junction,CIL,,
Chilka,CLKA,Odisha,
Chilo,CLO,,
Chinchli,CNC,,
Chinchpada,CPD,Maharashtra,
Chinchpokli,CHG,Maharashtra,
Chinchwad,CCH,Maharashtra,
Chinna Ganjam,CJM,Andhra Pradesh,
Chinna Salem,CHSM,Tamil Nadu,
Chintamani,CMY,Karnataka,
Chiplun,CHI,Maharashtra,
Chipurupalle,CPP,Andhra Pradesh,
Chirai,CHII,,
Chirala,CLX,Andhra Pradesh,
Chirawa,CRWA,Rajasthan,
Chirayinkil,CRY,Kerala,
Chirgaon,CGN,Uttar Pradesh,
Chirmiri,CHRM,Chhattisgarh,
Chit Baragaon,CBN,,
Chitahra,CTHR,,
Chital,CTL,,
Chitali,CIT,,
Chitradurga,CTA,Karnataka,
Chitrakuta,CKTD,Madhya Pradesh,
Chitrapur,CTTP,Karnataka,
Chitrasani,CTT,,
Chitrawad,CTRD,,
Chitrod,COE,,
Chitapur,CT,Karnataka,
Chittaranjan,CRJ,West Bengal,
Chittaurgarh,COR,Rajasthan,
Chittoor,CTO,Andhra Pradesh,
Chodiala,CDL,Uttarakhand,
Choki Sorath,CKE,,
Chola,CHL,,
Cholang,CGH,,
Chomun Samod,COM,Rajasthan,
Chondi,CWI,,
Chopan,CPU,Uttar Pradesh,
Choral,CRL,,
Chorvad Road,CVR,Gujarat,
Chosla,CSL,,
Choti Khatu,CTKT,,
Chuchura,CNS,West Bengal,
Chuda,CDA,,
Chunabhatti,,Maharashtra,
Chunar,CAR,Uttar Pradesh,
Churchgate,CCG,Maharashtra,
Churk,CUK,Uttar Pradesh,
Churu,CUR,Rajasthan,
Clutterbuckganj,CBJ,Uttar Pradesh,
Cochin Harbour Terminus,CHTS,Kerala,
Coimbatore Junction,CBE,Tamil Nadu,
Coimbatore North Junction,CBF,Tamil Nadu,
Colonelganj,CLJ,Uttar Pradesh,
Contai Road,CNT,West Bengal,
Coonoor,ONR,Tamil Nadu,
Cotton Green,,Maharashtra,
Cuddalore Junction,COT,Tamil Nadu,
Cuddalore Port,CUPJ,Tamil Nadu,
Cuddapah,HX,Andhra Pradesh,
Cumbum,CBM,Tamil Nadu,
Cuttack,CTC,Odisha,
Currey Road,,Maharashtra,
D[edit],,,
Station Name,Station Code,State,
Dabhaura,DBR,,
Dabhoi Junction,DB,,
Dabilpur,DBV,Telangana,
Dabla,DBLA,,
Dabli Rathan,DBI,,
Dabolim,DBM,,
Dabra (Gwalior),DBA,Madhya Pradesh,
Dabtara,DUB,,
Dadar (Western Railway),DDR,Maharashtra,
Dadar (Central Railway),DR,Maharashtra,
Dadri,DER,,
Dagaon,DGX,Assam,
Dagmagpur,DAP,,
Dahanu Road,DRD,Maharashtra,
Dahar Ka Balaji,DKBJ,,
Dahina Zainabad,DZB,,
Dahisar,DIC,Maharashtra,
Dahod,DHD,Gujarat,
Dailwara,DWA,,
Dakaniya Talav,DKNT,,
Dakhineswar,DAKE,West Bengal,
Dakor,DK,,
Daladi,DL,,
Dalauda,DLD,,
Dalelnagar,DLQ,,
Dalgaon,DLO,West Bengal,
Daliganj,DAL,,
Dalhousie Road,DALR,Punjab,
Dalkhola,DLK,West Bengal,
Dalli-Rajhara,DRZ,Chhattisgarh,
Dalmau Junction,DMW,,
Dalmera,DLC,,
Dalpatpur,DLP,,
Dalsingh Sarai,DSS,Bihar,
Daltonganj,DTO,Jharkhand,
Damanjodi,DMNJ,Odisha,
Damchara,DCA,Assam,
Damnagar,DME,,
Damoh,DMO,Madhya Pradesh,
Danapur,DNR,Bihar,
Dandeli,DED,,
Dandupur,DND,,
Dangoaposi,DPS,Jharkhand,
Dangtal,DTX,Assam,
Daniyawan Bzr H,DNWH,,
Dankaur,DKDE,,
Dankuni,DKAE,West Bengal,
Danwar,DAR,,
Dapodi,DAPD,,
Dappar,DHPR,Punjab,
Daotuhaja,DJA,Assam,
Dara,DARA,,
Daraganj,DRGJ,,
Darbhanga Junction,DBG,Bihar,
Darjeeling,DJ,West Bengal,
Darritola,DTL,Chhattisgarh,
Daryabad,DYD,Uttar Pradesh,
Daryapur,DYP,,
Dasna,DS,,
Dasuya,DZA,Punjab,
Datia,DAA,Madhya Pradesh,
Dativali,,Maharashtra,
Daudpur,DDP,Bihar,
Daulatabad,DLB,,
Daund Junction,DD,Maharashtra,
Daundaj,,Maharashtra,
Daurai,DOZ,,
Daurala,DRLA,,
Dauram Madhpura,DMH,,
Dausa,DO,Rajasthan,
Dausni,DSNI,,
Davangere,DVG,Karnataka,
Dayalpur,DLPR,,
Debari,DRB,,
Debipur,DBP,ER/Eastern Railways,
Degana Junction,DNA,,
Dehradun,DDN,Uttranchal,
Dehri On Sone,DOS,Bihar,
Dehu Road,DEHR,,
Dekapam,DKPM,,
Delhi,DLI,Delhi,
Delhi MG,DE,Delhi,
Delhi Azadpur,DAZ,Delhi,
Delhi Cantonment,DEC,Delhi,
Delhi Kishanganj,DKZ,Delhi,
Delhi Sarai Rohilla,DEE,Delhi,
Delhi Safdarjung,DSJ,Delhi,
Delhi Shahdara,DSA,Delhi,
Delvada,DVA,Gujarat,
Demu,DEMU,,
Deoband,DBD,Uttar Pradesh,
Deogan Road,DFR,,
Deoghar Junction,DGHR,Jharkhand,
Deorakot,DELO,,
Deoria Sadar,DEOS,Uttar Pradesh,
Depalsar,DEP,,
Derol,DRL,,
Desari,DES,,
Deshalpar,DSLP,,
Deshnok,DSO,Rajasthan,
Deswal,DSL,,
Detroj,DTJ,,
Devakottai Road,DKO,Tamil Nadu,
Devbaloda Charoda,DBEC,Chhattisgarh,
Devgam,DVGM,,
Devgarh Madriya,DOHM,,
Devlali,DVL,Maharashtra,
Devpura,DPZ,,
Dewalgaon,DEW,,
Dewanganj,DWG,Madhya Pradesh,
Dewas,DWX,Madhya Pradesh,
Dhaban,DABN,,
Dhalaibil,DQL,,
Dhalgaon,DLGN,Maharashtra,
Dhalpukhuri,DHRY,Assam,
Dhamangaon,DMN,Maharashtra,
Dhamni,DNE,,
Dhamora,DAM,,
Dhampur,DPR,,
Dhamtari,DTR,Chhattisgarh,
Dhamua,DMU,,
Dhana Kherli,DXK,,
Dhanakwada,DKW,,
Dhanakya,DNK,,
Dhanari,DN,,
Dhanawala Wada,DHVR,,
Dhanbad Junction,DHN,Jharkhand,
Dhandari Kalan,DDL,,
Dhandhera,DNRA,,
Dhandhuka,DCK,,
Dhanera,DQN,Gujarat,
Dhaneta,DAN,,
Dhangadra,DNG,Gujarat,
Dhanmandal,DNM,Odisha,
Dharamtul,DML,Assam,
Dharangaon,DXG,Maharashtra,
Dhareshwar,DRS,,
Dhari Junction,DARI,,
Dhariwal,DHW,Punjab,
Dharmabad,DAB,Maharashtra,
Dharmanagar,DMR,Tripura,
Dharmapuri,DPJ,Tamil Nadu,
Dharmavaram Junction,DMM,Andhra Pradesh,
Dharmpur Himachal,DMP,Himachal Pradesh,
Dharnaoda,DHR,,
Dharwad,DWR,Karnataka,
Dhasa Junction,DAS,,
Dhaulpur,DHO,Rajasthan,
Dhaura,DUA,,
Dheena,DHA,,
Dhekiajili Road,DKJR,,
Dhemaji,DMC,Assam,
Dhenkanal,DNKL,Odisha,
Dhilwan,DIW,,
Dhinda,DHND,,
Dhindhora HKMKD,DNHK,,
Dhindsa,DDK,,
Dhing,DIU,Assam,
Dhing Bazar,DBZ,Assam,
Dhinoj,DHJ,,
Dhirera,DHRR,,
Dhirganj,DHRJ,,
Dhirpur,DPP,Haryana,
Dhoda Khedi,DHKR,Haryana,
Dhodhar,DOD,,
Dhodra Mohar,DOH,,
Dhola Junction,DLJ,Gujarat,
Dhola Mazra,DHMZ,,
Dholi,DOL,,
Dholka,DOK,,
Dhondi,DNDI,,
Dhoraji,DJI,,
Dhrangadhra Junction,DHG,Gujarat,
Dhubri,DBB,Assam,
Dhule,DHI,Maharashtra,
Dhulghat,DGT,,
Dhulkot,DKT,Haryana,
Dhup Dhara,DPRA,Assam,
Dhupguri,DQG,,
Dhuri Junction,DUI,Punjab,
Dibai,DIB,,
Dibrugarh,DBRG,Assam,
Dibrugarh Town,DBRT,Assam,
Dichpalli,DHP,Telangana,
Didwana,DIA,,
Digaru,DGU,Assam,
Digboi,DBY,Assam,
Dighwara,DGA,,
Digod,DXD,,
Dihakho,DKE,Assam,
Dilawarnagar,DIL,,
Dildarnagar Junction,DLN,Uttar Pradesh,
Dimapur,DMV,Nagaland,
Dimow,DM,,
Dina Nagar,DNN,,
Dinagaon,DIQ,,
Dindigul Junction,DG,Tamil Nadu,
Dingwahi,DWI,,
Dipa,DIPA,,
Diphu,DPU,Assam,
Diplana,DPLN,,
Dipore,DIP,Maharashtra,
Disa,DISA,Gujarat,
Ditokcherra,DTC,Assam,
Diva Junction,,Maharashtra,
Divine Nagar,DINR,Kerala,
Diwana,DWNA,Haryana,
Diwankhavati,DWV,,
Diyodar,DEOR,,
Dobh Bahali,DBHL,,
Dockyard Road,,Maharashtra,
Dodballapur,DBU,Karnataka,
Dodbele,DBL,,
Dohrighat,DIT,,
Doiwala,DWO,,
Dolavli,,Maharashtra,
Dombivli,DI,Maharashtra,
Domingarh,DMG,,
Donakonda,DKD,Andhra Pradesh,
Dondaicha,DDE,Maharashtra,
Dongargaon,DGN,Madhya Pradesh,
Dongargarh,DGG,Chhattisgarh,
Donigal,DOG,,
Doraha,DOA,,
Doravart Chtram,DVR,,
Dornakal Junction,DKJ,Telangana,
Dronachalam Junction,DNC,Andhra Pradesh,
Dubaha,DUBH,,
Dubia,DBW,,
Duddhinagar,DXN,Uttar Pradesh,
Dudh Sagar,DDS,,
Dudhsagar Waterfalls,DWF,Goa,
Dudhani,DUD,,
Dudhia Khurd,DYK,,
Dudhnoi,DDNI,Assam,
Dudhwakhara,DKX,,
Dudia,DUK,Rajasthan,
Dudwindi,DDY,,
Duganpur,DUN,,
Dugdol,DGQ,Gujarat,
Duggirala,DIG,Andhra Pradesh,
Duhai,DXH,[Uttar Pradesh]|,
Duliajan,DJG,Assam,
Dullabcherra,DLCR,Assam,
Dullahapur,DLR,,
Dulrasar,DUS,,
Dum Dum,DDJ,West Bengal,
Dum Dum Cantonment,DDC,West Bengal,
Dumariya,DY,,
Dumraon,DURE,,
Dumka,DMKA,Jharkhand,
Dumuriput,DMRT,Odisha,
Dundara,DOR,Rajasthan,
Dundlod MKDGRH,DOB,,
Dungar Junction,DGJ,,
Dungarpur,DNRP,Rajasthan,
Duraundha Junction,DDA,,
Durgauti,DGO,,
Durg,DURG,Chhattisgarh,
Durgapur,DGR,West Bengal,
Duttapukur,DTK,West Bengal,
Durgapura,DPA,,
Duskheda,DSK,,
Duvvada,DVD,Andhra Pradesh,
Dwarka,DWK,Gujarat,
Dwarkaganj,DWJ,,
E[edit],,,
Station Name,Station Code,State,
Ekambara kuppam,EKM,Andhra Pradesh,
Ekangarsarai,EKR,,
Ekchari,EKC,,
Ekma,EM,Kerala,
Ekma,EKMA,Bihar,
Elamanur,EL,,
Elamanchili,YLM,Andhra Pradesh,
Ellenabad,ENB,Haryana,
Elphinstone Road,EPR,Maharashtra,
Eluru,EE,Andhra Pradesh,
Ennore,ENR,Tamil Nadu,
Eraligu,ELL,Assam,
Eraniel,ERL,Tamil nadu,
Eravipuram,IRP,Kerala,
Ernakulam Junction,ERS,Kerala,
Ernakulam Town,ERN,Kerala,
Ernakulam Terminus,ERG,Kerala,
Erode Junction,ED,Tamil Nadu,
Etah,ETAH,Uttar Pradesh,
Etawah,ETW,Uttar Pradesh,
Ettimadai(Coimbatore),ETMD,Tamil Nadu,
Etmadpur,ETUE,Uttar Pradesh,
Etakkot,ETK,Kerala,
F[edit],,,
Station Name,Station Code,State,
Faizabad Junction,FD,Uttar Pradesh,
Faizullapur,FYZ,,
Fakhrabad,FKB,,
Fakiragram Junction,FKM,Assam,
Falakata,FLK,West Bengal,
Falna,FA,Rajasthan,
Farah Town,FHT,Uttar Pradesh,
Farhedi,FRD,,
Faridabad,FDB,Haryana,
Faridabad New Town,FDN,Haryana,
Faridkot,FDK,Punjab,
Farrukhabad,FBD,Uttar Pradesh,
Farrukhabad,FKD,,
Fateh Singhpura,FSP,,
Fatehabad Chandrawati Ganj Junction,FTD,Madhya Pradesh,
Fatehgarh,FGR,,
Fatehgarh Sahib,FGSB,Punjab,
Fatehnagar,FAN,,
Fatehpur,FTP,,
Fatehpur Sikri,FTS,Uttar Pradesh,
Fatehpur Sekhawati,FPS,Rajasthan,
Fatuha,FUT,Bihar,
Fazalpur,FZL,,
Fazilka,FKA,Punjab,
Ferok,FK,Kerala,
Firozabad,FZD,Uttar Pradesh,
Firozpur Cant.,FZR,Punjab,
Firozpur City,FZP,Punjab,
Forbesganj,FBG,Bihar,
Furkating Junction,FKG,Assam,
Fursatganj,FTG,,
G[edit],,,
Station Name,Station Code,State,
Gachhipura,GCH,Rajasthan,
Gadag Junction,GDG,Karnataka,
Gadarwara,GAR,Madhya Pradesh,
Gadhakda,GKD,,
Gadra Road,GDD,,
Gadwal,GWD,Telangana,
Gahmar,GMR,Uttar Pradesh,
Gainjahwa,GAW,,
Gainsari Junction,GIR,,
Gaipura,GAE,,
Gajraula Junction,GJL,Uttar Pradesh,
Galan,GAA,,
Gambhiri Road,GRF,,
Ganagapur Road,GUR,,
Ganj Dundwara,GWA,,
Ganaur,GNU,Haryana,
Gandhi SMRAK_RD,GSX,,
Gandhidham BG,GIMB,Gujarat,
Gandhidham Junction,GIM,Gujarat,
Gandhigram,GG,,
Gandhinagar JPR,GADJ,Rajasthan,
Gandhinagar Capital,GNC,Gujarat,
Ganeshganj,GAJ,,
Gangaganj,GANG,,
Gangakher,GNH,Maharashtra,
Gangapur City,GGC,Rajasthan,
Gangrar,GGR,,
Gangsar Jaitu,GJUT,Haryana,
Ganj basoda,BAQ,Madhya Pradesh,
Ganjmuradabad,GJMB,,
Gannavaram,GWM,Andhra Pradesh,
Garhi Harsaru,GHH,Haryana,
Garhi Manikpur,GRMR,,
Garhmuktesar,GMS,Uttar Pradesh,
Garhmuktesar BR,GGB,Uttar Pradesh,
Garhwa,GHQ,Jharkhand,
Garot,GOH,,
Garwa Road,GHD,Jharkhand,
Gaura,GRX,,
Gauri Bazar,GB,,
Gauri Phanta,GPF,Uttarakhand,
Gauribidanur,GBD,Karnataka,
Gauriganj,GNG,Uttar Pradesh,
Gauripur,GUP,Assam,
Gauriyamau,GMU,,
Gaushala,GWS,,
Gautampura Road,GPX,,
Gaya Junction,GAYA,Bihar,
Geratpur,GER,,
Gerita Kolvada,GTKD,,
Gevra Road,GAD,Chhattisgarh,
Gevrai,GOI,Maharashtra,
Ghagghar,GHG,Punjab,
Ghagwal,GHGL,,
Ghanauli,GANL,,
Ghansoli,,Maharashtra,
Gharaunda,GRA,Haryana,
Ghaso,GSO,,
Ghataka Varana,GKB,,
Ghatampur,GTM,,
Ghatkopar,G,Maharashtra,
Ghatprabha,GPB,Karnataka,
Ghatsila,GTS,Jharkhand,
Ghaziabad,GZB,Uttar Pradesh,
Ghazipur City,GCT,,
Ghograpur,GOE,Assam,
Gholvad,GVD,Maharashtra,
Ghoradongri,GDYA,Madhya Pradesh,
Ghorawadi,GRWD,,
Ghorpuri,GPR,,
Ghosipura,GOPA,,
Ghosunda,GSD,,
Ghughuli,GH,,
Ghugus,GGS,Maharashtra,
Ghutai,GTI,,
Gidarpindi,GOD,Punjab,
Giddalur,GID,Andhra Pradesh,
Giddarbaha,GDB,,
Gidhaur,GHR,,
Gir Gadhara,GEG,,
Gir Hadmatiya,GRHM,,
Giridih,GRD,Jharkhand,
Girwar,GW,,
Goalpara Town,GLPT,Assam,
Godha,GDHA,,
Godhra Junction,GDA,Gujarat,
Gogameri,GAMI,,
Gogamukh,GOM,,
Gohad Road,GOA,,
Gohana,GHNA,Haryana,
Gohpur,GPZ,,
Gokak Road,GKK,Karnataka,
Gokarna Road,GOK,Karnatak,
Gola Gokarannath,GK,Uttar Pradesh,
Gola Road,GRE,,
Golakganj Junction,GKJ,Assam,
Golanthra,GTA,,
Gole,GOLE,,
Golsar,GOZ,,
Gomati Nagar,GTNR,,
Gomoh Junction,GMO,Jharkhand,
Gonda Junction,GD,,
Gondal,GDL,Gujarat,
Gondia Junction,G,Maharashtra,
Goneana,GNA,,
Gooty,GY,Andhra Pradesh,
Gop Jam,GOP,,
Gopalganj,GOPG,,
Gopalpur,GPPR,,
Gora Ghuma,GGM,,
Gorakhpur Cantonment,GKC,Uttar Pradesh,
Gorakhpur City,GKY,Uttar Pradesh,
Gorakhpur Junction,GKP,Uttar Pradesh,
Goram Ghat,GGO,,
Goraul,GRL,,
Goraya,GRY,,
Goregaon,GMN,Maharashtra,
Goregaon Road Halt,GNO,Maharashtra,
Goresuar,GVR,,
Goriyan,GIO,,
Goshainganj,GGJ,,
Gossaigaon Hat,GOGH,Assam,
Gotan,GOTN,,
Gotegaon,GON,,
Gothaj,GTE,,
Govandi,,Maharashtra,
Goverdhan,GDO,Uttar Pradesh,
Govindgarh,GVG,,
Govindgarh Malk,GND,,
Govindi Marwar,GVMR,Rajasthan,
Govindnagar,GOVR,,
Govindpuri,GOV,Uttar Pradesh,
"Govindpuri, Kanpur",GOY,Uttar Pradesh,
Grant Road,GTR,Maharashtra,
Gudha,GA,,
Guindy,,Tamil Nadu,
Gubbi,GBB,,
Gudivada Junction,GDV,Andhra Pradesh,
Gudiyattam,GYM,Tamil Nadu,
Gudur Junction,GDR,Andhra Pradesh,
Gujhandi,GJD,,
Gulabhganj,GLG,,
Gulabpura,GBP,,
Gulaothi,GLH,,
Gularbhoj,GUB,,
Gulbarga,GR,Karnataka,
Guldhar,GUH,Uttar Pradesh,
Guledagudda Rd,GED,,
Guler,GULR,,
Gulzarbagh,GZH,,
Guma,GUMA,,
Gumia,GMIA,,
Gumman,GMM,,
Gummidipundi,GPD,Tamil Nadu,
Gumthal,GTF,,
Guna,GUNA,Madhya Pradesh,
Gundardehi,GDZ,,
Guneru Bamori,GVB,,
Guntakal Junction,GTL,Andhra Pradesh,
Guntur Junction,GNT,Andhra Pradesh,
Guptipara,GPA,West Bengal,
Guraru,GRRU,,
Gurap,GRAE,West Bengal,
Gurdaspur,GSP,,
Gurgaon,GGN,Haryana,
Gurhi,GUX,,
Guriya,GRI,,
Gurla,GQL,Rajasthan,
Gurmura,GMX,,
Gurpa,GAP,,
Gursahaiganj,GHJ,,
Gursar Shnewala,GSW,,
Gauravpur,GUV,,
Guru Tegh Bahadur Nagar,,Maharashtra,
Guruvayur,GVR,Kerala,
Guwahati,GHY,Assam,
Gwalior,GWL,Madhya Pradesh,
Gyanpur Road,GYN,Uttar Pradesh,Bihar
H[edit],,,
Station Name,Station Code,State,
Hazrat Nizamuddin,NZM,Delhi,
Habaipur,HWX,Assam,
Habibganj,HBJ,Madhya Pradesh,
Habibwala,HBW,,
Hadapsar,HDP,Maharashtra,
Hadmadiya,HRM,,
Hadmatiya Junction,HM,,
Hafizpur,HZR,,
Haflong Hill,HFG,Assam,
Haiaghat,HYT,,
Haibargaon,HBN,Assam,
Haidergarh,HGH,,
Hailakandi,HKD,Assam,
Hajipur Junction,HJP,Bihar,
Hakimpur,HKP,,
Haldaur,HLDR,,
Haldi Road,HLDD,,
Haldibari,HDB,West Bengal,
Haldwani,HDW,Uttarakhand,
Halisahar,HLR,West Bengal,
Halvad,HVD,,
Hamira,HMR,,
Hamirgarh,HMG,,
Hamirpur Road,HAR,Himachal Pradesh,
Hanakere,HNK,,
Handia Khas,HDK,,
Hansi,HNS,Haryana,
Hansiawas,HSWS,,
Hanumangarh Junction,HMH,Rajasthan,
Hanumangarh town,HMO,Rajasthan,
Hanwant,HWT,Rajasthan,
Hapa,HAPA,Gujarat,
Hapur,HPU,Uttar Pradesh,
Harangajao,HJO,Assam,
Harangul,HGL,Maharashtra,
Haranya Kheri,HKH,,
Harauni,HRN,,
Harawada,HAA,Karunadu,
Harchandpur,HCP,,
Harda,HD,Madhya Pradesh,
Hardoi,HRI,Uttar Pradesh,
Harduaganj,HGJ,,
Haridwar Junction,HW,Uttarakhand,
Harihar,HRR,Karnataka,
Harinagar,HIR,,
Haripad,HAD,Kerala,
Haripur,HP,,
Harischandrapur,HCR,West Bengal,
Harishankar Rd,HSK,Odisha,
Harisinga,HRSN,,
Harkia Khal,HKL,,
Harmuti,HMY,Assam,
Harnaut,HRT,Bihar,
Harpalganj,HRPG,,
Harpalpur,HPP,Uttar Pradesh,
Harrawala,HRW,,
Harsauli,HSI,,
Harsud,HRD,,
Harthala,HRH,,
Harwada,HAA,,
Hasimara,HSA,West Bengal,
Hassan,HAS,Karnataka,
Hasanparti Road,,Telangana,
Hathbandh,HN,Chhattisgarh,
Hathidah Junction,HTZ,Bihar,
Hathigadh,HTGR,,
Hathras City,HTC,Uttar Pradesh,
Hathras Junction,HRS,Uttar Pradesh,
Hathras Road,HTJ,Uttar Pradesh,
Hathras Qilla,HTJ,Uttar Pradesh,
Hatia,HTE,Jharkhand,
Hatikhali,HTL,Assam,
Hatkanagale,HTK,,
Hatundi,HTD,,
Haveri,HVR,Karnataka,
Hazaribagh Road,HZD,Jharkhand,
Hejjala,HJL,Karnataka,
Helak,HK,,
Helem,HML,,
Hempur,HMP,,
Hendegir,HNDR,,
Hilara,HLX,Assam,
Hilsa (Kapsima)Vikas kumar),HIL,Bihar,
Himayatnagar,HEM,,
Himmatnagar,HMT,Gujarat,
Hindaun City railway station,HAN,Rajasthan,
Hind Motor,,West Bengal,
Hindu College,HC,Tamil Nadu,
Hindumalkote,HMK,,
Hindupur Junction,HUP,Andhra Pradesh,
Hinganghat,HGT,Maharashtra,
Hingoli Deccan,HNL,Maharashtra,
Hira Nagar,HRNR,,
Hirakud,HKG,Odisha,
Hirapur,HPR,,
Hirdagarh,HRG,,
Hirnoda,HDA,,
Hisar,HSR,Haryana,
Hisvahal,HSL,,
Hodal,HDL,Haryana,
Hojai,HJI,Assam,
Hol,HOL,,
Holambi Kalan,HUK,Delhi,
Hole Alur,HLAR,Karnataka,
Honnavar,HNA,Karnataka,
Hooghly,HGY,West Bengal,
Homnabad,HMBD,Karnataka,
Hooghly Ghat,HYG,West Bengal,
Hosdurga Road,HSD,,
Hoshangabad,HBD,Madhya Pradesh,
Hoshiarpur,HSX,Punjab,
Hospet Junction,HPT,Karnataka,
Hosur,HSRA,Tamil Nadu,
Hotgi Junction,HG,Maharashtra,
Howbadh Jabalpur,HBG,,
Howrah,HWH,West Bengal,
Hubli Central Junction,UBL,Karnataka,
Hugrajuli,HJLI,,
Husainpur,HSQ,,
Hyderabad DeccanNampally,HYB,Telangana,
I[edit],,,
Station Name,Station Code,State,
Ib,IB,Odisha,
Ichapur,unknown,West Bengal,
Ichapuram,IGP,Andhra Pradesh,
Ichauli,ICL,,
Idar,IDAR,GJ,
Idgah Agra Junction,IDH,Uttar Pradesh,
Igatpuri,IGP,Maharashtra,
Ikkar,IKK,,
Iklehra,IKR,,
Inchhapuri,IHP,Haryana,
Indalvai,IDL,,
Indapur,INP,Maharashtra,
Indara Junction,IAA,Uttar Pradesh,
Indargarh,IDG,,
Indi Road,IDR,,
Indore Junction (BG),INDB,Madhya Pradesh,
Indore Junction (MG),INDM,Madhya Pradesh,
Innanje,INJ,,
Intikanne,,,
Intiyathok,ITE,,
Itehar,AAH,Madhya Pradesh,
Iqbal Gadh,IQG,,
Iqbalpur,IQB,,
Irinjalakuda,IJK,Kerala,
Irugur(Coimbatore),IGU,Tamil Nadu,
Isarda,ISA,,
Islampur,IPR,Bihar,
Ismaila Haryana,ISM,Haryana,
Itarsi Junction,ET,Madhya Pradesh,
Itola,ITA,,
Itwari,ITR,Maharashtra,
Izzatnagar,IZN,Uttar Pradesh,
J[edit],,,
Station Name,Station Code,State,
Jabalpur,JBP,Madhya Pradesh,
Jabli,JBL,,
Jabri,JBX,,
Jadar,JADR,,
Jadcherla,JCL,Telangana,
Jagadhri,JUD,Haryana,
Jagadhri Workshop,JUDW,Haryana,
Jagadishpur,JGD,,
Jagaddal,JDL,West Bengal,
Jessore Road,JSOR,West Bengal,
Jagatbela,JTB,,
Jagdalpur,JDB,Chhattisgarh,
Jagdevwala,JDL,,
Jagesharganj,JGJ,,
Jagi road,JID,Assam,
Jagnath Road Halt,JNX,Rajasthan,
Jagraon,JGN,Punjab,
Jahanikhera,JKH,,
Jaipur,JP,Rajasthan,
Jais,JAIS,Uttar Pradesh,
Jaisalmer,JSM,Rajasthan,
Jaithari,JTI,,
Jaitipur,JTU,,
Jaitwar,JTW,,
Jajiwal,JWL,,
Jajpur Kheonjhar Road,JJKR,Odisha,
Jakhal Junction,JHL,Haryana,
Jakhalabandha,JKB,Assam,
Jakhalaun,JLN,,
Jakhania,JKN,Uttar Pradesh,
Jakhaura,JHA,,
Jakhim,JHN,,
Jakhvada,JKA,,
Jaksi,JKS,,
Jalalganj,JLL,,
Jalalpur Dhai,JPD,,
Jalamb Junction,JM,Maharashtra,
Jalandhar Cantonment,JRC,Punjab,
Jalandhar City,JUC,Punjab,
Jalesar Road,JLS,Uttar Pradesh,
Jaleswar,JER,Odisha,
Jalgaon Junction,JL,Maharashtra,
Jalila Road,JIL,,
Jaliya Devani,JALD,,
Jalna,J,Maharashtra,
Jalor,JOR,Rajasthan,
Jalpaiguri,JPG,West Bengal,
Jalpaiguri Road,JPE,West Bengal,
Jalsu,JAC,,
Jalsu Nanak,JACN,,
Jam Jodhpur Junction,JDH,Rajesthan,
Jam Wanthali,WTJ,,
Jamalpur Junction,JMP,Bihar,
Jambara,JMV,,
Jambur,JBB,,
Jamira,JMRA,Assam,
Jammalamadugu,JMDG,Andhra Pradesh,
Jammikunta,JMKT,Telangana,
Jammu Tawi,JAT,Jammu & Kashmir,
Jamnagar,JAM,Gujarat,
Jamsar,JMS,,
Jamtara,JMT,Jharkhand,
Jamui,JMU,Bihar,
Jamunamukh,JMK,Assam,
Jamwala,JVL,,
Janakpur Road,JNR,Bihar,
Jandiala,JNL,,
Jangaon,ZN,Telangana,
Janghai Junction,JNH,Uttar Pradesh,
Jangipur Road,JRLE,West Bengal,
Janiyana,JNE,,
Jankampet Junction,JKM,,
Jaora,JAO,,
Japla,JPL,,
Jarandeshwar,JSV,,
Jargaon,JRJ,,
Jari,JARI,Gujarat,
Jaruda Naraa,,,
Jarwal Road,JLD,,
Jasia,JSA,Haryana,
Jasali,JSI,,
Jasidih Junction,JSME,Jharkhand,
Jasra,JSR,,
Jaswantgarh,JSH,,
Jaswantnagar,JGR,,
Jataula Samphka,JSKA,Haryana,
Jath Road,JTRD,,
Jatinga,JTG,Assam,
Jatusana,JTS,Haryana,
Jaulka,JUK,,
Jaunpur City Railway Station,JOP,Uttar Pradesh,
Jaunpur Junction,JNU,Uttar Pradesh,
Javale,JVA,,
Jawad Road,JWO,Madhya Pradesh,
Jawai Bandh,JWB,,
Jawali,JAL,Rajasthan,
Jawalamukhi Road,JMKR,Himachal Pradesh,
Jayasingpur,JSP,,
Jaynagar,JYG,Bihar,
Jaynagar Majlipur,JNM,,
Jehanabad,JHD,Bihat,
Jejuri,JJR,,
Jenal,JNZ,Gujarat,
Jeonathpur,JEP,,
Jetalsar Junction,JLR,Gujarat,
Jetalvad,JTV,,
Jetpur,JTP,Gujarat,
Jeur,JEUR,Maharashtra,
Jagannath Temple Gate,JGE,Odisha,
Jhadupudi,JPI,Andhra Pradesh,
Jhagadiya Junction,JGI,,
Jhajha,JAJ,Bihar,
Jhalawar Road,JHW,Rajasthan,
Jhalida,JAA,West Bengal,
Jhanjharpur,JJP,Bihar,
Jhansi Junction,JHS,Uttar Pradesh,
Jhargram,JGM,West Bengal,
Jharia,JRI,Jharkhand,
Jharokhas,JRQ,,
Jharsuguda Junction,JSG,Odisha,
Jharwasaa,JWS,,
Jhingura,JHG,,
Jhinjhak,JJK,Uttar Pradesh,
Jhunjhunu,JJN,Rajasthan,
Jhunpa,JUP,,
Jigna,JIA,,
Jind Junction,JIND,Haryana,
Jira Road,JIR,,
Jiradei,ZRD,,
Jiribam,JRBM,Manipur,
Jirighat,JIGT,Assam,
Jiron,JRO,,
Jiyapuram,JPM,Tamil Nadu,
Jodhpur Junction,JU,Rajasthan,
Jogbani,JBN,Bihar,
Jogeshwari,JOS,Maharashtra,
Jogi Magra,JOM,,
Jogidih,JGF,,
Jogighopa,JPZ,Assam,
Joginder Nagar,JDNX,Himachal Pradesh,
Jogiwala,JGW,,
Jolarpettai Junction,JTJ,Tamil Nadu,
Jone Karrang,JYK,,
Joravaragar,JVN,Gujarat,
Jorhat,JT,Assam,
Jorhat Town,JTTN,Assam,
Jotana,JTN,,
Joychandi Pahar railway station,JOC,West Bengal,
Juchandra,,Maharashtra,
Jugijan,JGJN,Assam,
Juinagar,,Maharashtra,
Jukehi,JKE,,
Julana,JNA,Haryana,
Junagadh C B,JNDC,Gujarat,
Junagadh Junction,JND,Gujarat,
Jung Bahadurganj,JBG,,
Junichavand,JCN,,
Junnor Deo,JNO,,
Juriagaon,JRX,Assam,
Jutogh,JTO,Himachal Pradesh,
Jwalapur,JWP,,
K[edit],,,
Station Name,Station Code,State,
Kacheguda,KCG,Telangana,
Kachhwa Road,KWH,,
Kadalundi,KN,Tamil Nadu,
Kadambur,KDU,Tamil Nadu,
Kadaynallur,KDNL,Tamil Nadu,
Kadiri,KRY,Andhra Pradesh,
Kadur Junction,DRU,Karnataka,
Kaithalkuchi,KTCH,Assam,
Kakinada Port,COA,Andhra Pradesh,
Kakinada Town,CCT,Andhra Pradesh,
Kankinara,KNR,West Bengal,
Kalachand,KQI,Assam,
Kalamboli,,Maharashtra,
Kalanaur kalan,KLNK,Haryana,
Kalka,KLK,Haryana,
Kalkalighat,KKGT,Assam,
Kalwa,,Maharashtra,
Kalyan,KYN,Maharashtra,
Kalyani,KLY,West Bengal,
Kalyanpur(Kanpur),KAP,Uttar Pradesh,
Kalyanadurg,KYNDGM,Andhra Pradesh,
Kalinarayanpur Junction,KLNP,West Bengal,
Kalol Junction,KLL,Gujarat,
Kamakhya Junction,KYQ,Assam,
Kaman Road,,Maharashtra,
Kamareddi,KMC,Telangana,
Kampil Road,KXF,Uttar Pradesh,
Kamshet,KMST,Maharashtra,
Kamakhya Junction,KYQ,Assam,
Kampur,KWM,Assam,
Kamrup Khetri,KKET,Assam,
Kanaibazar,KNBR,Assam,
Kanchipuram,CJ,Tamil Nadu,
Kandivali,KILE,Maharashtra,
Kangra,KGRA,Himachal Pradesh,
Kanhangad,KZE,Kerala,
Kanina Khas,KNNK,Haryana,
Kaniyapuram,KXP,Kerala,
Kanjiramittam,KPTM,Kerala,
Kanjurmarg,,Maharashtra,
Kankanadi,KNKD,Karnataka,
Kannauj,KJN,Uttar Pradesh,
Kanpur Anwarganj,CPA,Uttar Pradesh,
Kanpur Central,CNB,Uttar Pradesh,
Kanpur Rooma,RMX,Uttar Pradesh,
Kanpur SMU CBSA CPSM,CPSM,Uttar Pradesh,
Kanpur Govindpuri Railway Station,GOY,Uttar Pradesh,
Kanpur Panki,PNK,Uttar Pradesh,
Kanpur Bridge Left Bank,CPB,Uttar Pradesh,
Kanyakumari,CAPE,Tamil Nadu,
Kapurthala,KXH,Punjab,
Karad,KRD,Maharashtra,
Karaikkudi Junction,KKDI,Tamil Nadu,
Karanja,KRJA,Maharashtra,
Karimganj Junction,KXJ,Assam,
Karimnagar,KRMR,Telangana,
Karjat,S,Maharashtra,
Karnal,KUN,Haryana,
Karur Junction,KRR,Tamil Nadu,
Karunagappalli,KPY,Kerala,
Karwar,KAWR,Karnataka,
Kasara,N,Maharashtra,
Kasaragod,KGQ,Kerala,
Kashi,KEI,Uttar Pradesh,
Katakhal Junction,KTX,Assam,
Kathivakkam,KAVM,Tamil Nadu,
Katihar,KIR,Bihar,
Katlicherra,KLCR,Assam,
Katni,KTE,Madhya Pradesh,
Katol,KATL,Maharashtra,
"Katpadi Junction, Vellore",KPD,Tamil Nadu,
Katra,KEA,Uttar Pradesh,
Kavali,KVZ,Andhra Pradesh,
Kayamkulam,KYJ,Kerala,
Kayasthagram,KTGM,Assam,
Kazhakoottam TechnoPark Trivandrum,KZK,Kerala,
Kazipet Junction,KZJ,Telangana,
Kelavli,,Maharashtra,
Kelve Road,KLV,Maharashtra,
Kendukana,KDKN,Assam,
Kesinga,KSNG,Odisha,
Kesamudram,KDM,Telangana,
Khadavli,KDV,Maharashtra,
Khadki,KK,Maharashtra,
Khairthal,KRH,Rajasthan,
Khajuraho,KURJ,Madhya Pradesh,
Khalilpur,KIP,Haryana,
Khambhaliya,KMBL,Gujarat,
Khamgaon,KMN,Maharashtra,
Khamkhed,KMN,Maharashtra,
Khammam,KMT,Telangana,
Khana Junction,KAN,West Bengal,
Khandala,KAD,Maharashtra,
Khandeshwar,,Maharashtra,
Khandwa,KNW,Madhya Pradesh,
Khanna,KNN,Punjab,
Kharagpur Junction,KGP,West Bengal,
Kharbao,,Maharashtra,
Khardi,KE,Maharashtra,
Kharghar,,Maharashtra,
Khar Road,KHAR,Maharashtra,
Khatauli,KAT,Uttar Pradesh,
Khatu,KHTU,Rajasthan,
Khed,KHED,Maharashtra,
Khera Kalan,KHKN,Delhi,
Khopoli,KP,Maharashtra,
Khurai,KYE,Madhya Pradesh,
Kinwat,KNVT,Maharashtra,
Kirakat railway station,KCT,Uttar Pradesh,
Kirloskarvadi,KOV,Maharashtra,
Kirnahar,KNHR,West Bengal,
Kilikolloor,KLQ,Kerala,
King's Circle,,Maharashtra,
Kishanganj,KNE,Bihar,
Kiul Junction,KIUL,Bihar,
Kochuveli (Trivandrum /Thiruvananthapuram),KCVL,Kerala,
Kodaikanal road,KQN,Tamil Nadu,
Koderma,KQR,Jharkhand,
Kodinar,KODR,Gujarat,
Kodumudi,KMD,Tamil Nadu,
Koduru,KOU,Andhra Pradesh,
Kokrajhar,KOJ,Assam,
Kolar,KQZ,Karnataka,
Kollidam,CLN,Tamil Nadu,
Kolhapur,KOP,Maharashtra,
Kolad,KOL,Maharashtra,
Kolkata Railway Station,KOAA,West Bengal,
Kollam Junction,QLN,Kerala,
Konnagar,KOG,West Bengal,
Kopar,,Maharashtra,
Kopargaon,KPG,Maharashtra,
Kopar Khairane,,Maharashtra,
Koraput Junction,KRPU,Odisha,
Korattiangadi,,Kerala,
Korattur,KOTR,Tamil Nadu,
Korba,KRBA,Chhattisgarh,
Koregaon,KRG,Maharashtra,
Korukkupet,KOK,Tamil Nadu,
Kosamba,KSB,Gujarat,
Kosi Kalan,KSV,Uttar Pradesh,
Kosli,KSI,Haryana,
Kotdwar,KTW,Uttarakhand,
Kot Kapura,KKP,Punjab,
Kota Junction,KOTA,Rajasthan,
Kotli Kalan,KTKL,Punjab,
Kotma,KTMA,Madhya Pradesh,
Kotshila Junction,KSX,West Bengal,
Kottapalli,KYOP,Telangana,
Kottavalasa,KTV,Andhra Pradesh,
Kottayam,KTYM,Kerala,
Kottarakkara,KTR,Kerala,
Kottikulam,KQK,Kerala,
Kotturu,KTY,Andhra Pradesh,
Kovilpatti,CVP,Tamil Nadu,
Koyilandy,QLD,Kerala,
Kozhikode,CLT,Kerala,
Krishna,,Andhra Pradesh,
Krishna Canal,KCC,Andhra Pradesh,
Krishnai,KRNI,Assam,
Krishnarajapuram,KJM,Karnataka,
Kuchaman City,KMNC,Rajasthan,
Kudal,KUDL,Maharashtra,
Kulitalai,KLT,Tamil Nadu,
Kulpahar,KLAR,Uttar Pradesh,
Kulti,ULT,West Bengal,
Kumgaon Burti,KJL,Maharashtra,
Kumbakonam,KMU,Tamil Nadu,
Kumta,KT,Karnataka,
Kundapura,KUDA,Karnataka,
Kuppam,KPN,Andhra Pradesh,
Kuram,KUM,Maharashtra,
Kuri,KFI,Kerala,
Kurichedu,KCD,Andhra Pradesh,
Kurduvadi,KWV,Maharashtra,
Kurla,C/CH,Maharashtra,
Kurnool Town,KRNT,Andhra Pradesh,
Kurukshetra Junction,KKDE,Haryana,
Kuttippuram,KTU,Kerala,
Kashipur,KPV,Uttarakhand,
Khurda Road,KUR,Odisha,
kursela,KUE,bihar,
katihar,KIR,bihar,
L[edit],,,
Station Name,Station Code,State,
Laban,LBN,,
Labha,LAV,,
Labhpur,LAB,West Bengal,
Lachhipura,LAC,,
Lachhmangarh SK,LNH,,
Lachhmanpur,LMN,,
Lachyan,LHN,,
Ladhowal,LDW,Punjab,
Ladnun,LAU,,
Laheria Sarai,LSI,Bihar,
Lahli,LHLL,Haryana,
Laimekuri,LMY,,
Lakadiya,LKZ,,
Lakheri,LKE,,
Lakhimpur,LMP,Uttar Pradesh,
Lakhminia,LKN,,
Lakhnauria,LNQ,,
Lakhtar,LTR,,
Lakkidi,LDY,Kerala,
Laksar Junction,LRJ,Uttarakhand,
Lakshmibai Nagar,LMNR,,
Lal Kuan,LKU,Uttarakhand,
Lalabazar,LLBR,Assam,
Lalapet,LP,,
Lalganj,LLJ,Uttar Pradesh,
Lalgarh Junction,LGH,Rajasthan,
Lalgopalganj,LGO,,
Lalgudi,LLI,,
Lalitpur,LAR,Uttar Pradesh,
Lalpur,LLR,,
Lalpur Chandra,LCN,,
Lalpur Jam,LPJ,,
Lalpur Umri,LRU,,
Lalru,LLU,Punjab,
Lamana,LNA,,
Lambhua,LBA,,
Lambiya,LMA,,
Lamsakhang,LKG,Assam,
Landaura,LDR,,
Langting,LGT,Assam,
Lanka,LKA,Assam,
Laopani,LPN,Assam,
Lar Road,LRD,,
Lasalgaon,LS,Maharashtra,
Lasur,LSR,,
Latehar,LTHR,Jharkhand,
Lathi,LAT,Gujarat,
Latur,LUR,Maharashtra,
Latur Road,LTRR,Maharashtra,
Laukaha Bazar,LKQ,,
Laul,LAUL,,
Lawa Sardargarh,LSG,,
Ledarmer,LDM,Rajasthan,
Lehra Gaga,LHA,,
Lidhora Khurd,LDA,,
Liliya Mota,LMO,,
Limbdi,LM,Gujarat,
Limkheda,LMK,,
Linch,LCH,,
Lingampalli,LPI,Telangana,
Liluah,LLH,,
Lodipur Bishnpr,LDP,,
Loha,LOHA,,
Loharu,LHU,Haryana,
Loharwara,LHW,,
Lohian Khas Junction,LNK,Punjab,
Lohna Road,LNO,Bihar,
Lohogad,LHD,,
Loisingha,LSX,Odisha,
Lokmanya Tilak Terminus,LTT,Maharashtra,
Lonand,LNN,,
Lonavala,LNL,Maharashtra,
Londa Junction,LD,Karnataka,
Loni,LONI,Maharashtra,
Lorwada,LW,,
Lower Haflong,LFG,Assam,
Lower Parel,PL,Maharashtra,
Lowjee,,Maharashtra,
Luckeesarai Junction,LKR,Bihar,
Lucknow Junction,LJN,Uttar Pradesh,
Lucknow,LKO,Uttar Pradesh,
Lucknow City,LC,Uttar Pradesh,
Ludhiana Junction,LDH,Punjab,
Lumding Junction,LMG,Assam,
Lunavada,LNV,Gujarat,
Luni Junction,LUNI,Rajasthan,
Luni Richha,LNR,,
Lunidhar,LDU,,
Lunkaransar,LKS,Rajasthan,
Lusa,LUSA,,
Lusadiya,LSD,,
Lushala,LAL,,
Lalgola,LGL,West Bengal,
M[edit],,,
Station Name,Station Code,State,
Macharya,MCV,,
Machavaram,AMIN,Telangana,
Machavaram,MCVM,Andhra Pradesh,
Machelipatnam,MTM,Andhra Pradesh,
Macherla,MCLA,Andhra Pradesh,
Madan Mahal,MML,Madhya Pradesh,
Madanapalle Rd,MPL,Andhra Pradesh,
Madanpur,MDR,,
Maddur,MAD,Karnataka,
Madhavnagar,MDVR,Maharashtra,
Madukarai(Coimbatore),MDKI,Tamil Nadu,
Madurai,MDU,Tamil Nadu,
Madgaon,MAO,Goa,
Mithlanchal Deep,Madhubani,Bihar,
Madha,MA,Maharashtra,
Madhabpur,MDBP,,
Madhapar,MDHP,,
Madhapur Road,MADP,,
Madhi,MID,,
Madhira,MDR,Telangana,
Madhopur Punjab,MDPB,Punjab,
Madhorajpur,MQH,,
Madhosingh,MBS,,
Madhubani,MBI,Bihar,
Madhupur Junction,MDP,Jharkhand,
Madurai Junction,MDU,Tamil Nadu,
Madurantakam,MMK,Tamil Nadu,
Madure,MADR,,
Maghar,MHH,,
Mahadanapuram,MMH,,
Mahadevpara,MHDP,,
Mahajan,MHJ,,
Mahalam,MFM,,
Mahalaxmi,MX,Maharashtra,
Mahamandir,MMC,,
Mahansar,MWR,,
Mahasamund,MSMD,Chhattisgarh,
Mahbubabad,MABD,Telangana,
Mahbubnagar,MBNR,Telangana,
Mahe,MAHE,"Mahe, Puducherry",
Maheji,MYJ,,
Mahendragarh,MHRG,Haryana,
Mahes Khunt,MSK,,
Mahesana Junction,MSH,Gujarat,
Maheshmunda,MMD,,
Mahidpur Road,MEP,,
Mahim,MM,Maharashtra,
Mahisgaon,MGO,,
Mahmudabad Avdh,MMB,Uttar Pradesh,
Mahmudpur SRYN,MZN,,
Mahoba,MBA,Uttar Pradesh,
Maholi,MAHO,,
Mahpur,MHO,,
Mahuamilan,MMLN,,
Mahuariya,MXY,,
Mahuda Junction,MHQ,Jharkhand,
Mahugarha,MUGA,,
Mahur,MXR,Assam,
Mahuva Junction,MHV,Gujarat,
Maibang,MBG,Assam,
Maihar,MYR,Madhya Pradesh,
Maikalganj,MINJ,,
Mailani,MLN,Uttar Pradesh,
Mailongdisa,MGX,Assam,
Mainpuri,MNQ,Uttar Pradesh,
Mairabari,MBO,Assam,
Mairwa,MW,Bihar,
Majbat,MJBT,,
Majgaon,MZQ,Assam,
Majhagawan,MJG,Uttar Pradesh,
Majhola Pakarya,MJZ,,
Majorda,MJO,Goa,
Makhu,MXH,Haryana,
Makrana Junction,MKN,Rajasthan,
Makrera,MKRA,,
Makronia,MKRN,Madhya Pradesh,
Maksi,MKC,Madhya Pradesh,
Malad,MDD,Maharashtra,
Malarna,MLZ,,
Malavli,MVL,Maharashtra,
Malda Town,MLDT,West Bengal,
Malerkotla,MET,Punjab,
Malethu Kanak,MEQ,,
Malhargarh,MLG,,
Malhour,ML,,
Malihabad,MLD,,
Malipur,MLPR,,
Maliya Hatina,MLHA,,
Maliya Miyana,MALB,Gujarat,
Malkapur,MKU,Maharashtra,
Malkhaid Road,MQR,Maharashtra,
Malkisar,MLC,,
Mallanwala Khas,MWX,,
Malleswaram,MWM,,
Malliyam,MY,,
Malout,MOT,,
Malpura,MLA,,
Malsailu,MLSU,,
Malsian Shahkht,MQS,,
Malugur,MLU,,
Malur,MLO,Karnataka,
Malwan,MWH,Uttar Pradesh,
Malwara,MBW,Rajasthan,
Maman,MOM,,
Manaksar,MNSR,,
Manamadurai Junction,MNM,Tamil Nadu,
Mananpur,MNP,,
Manaparai,MPA,Tamil Nadu,
Manauri,MRE,,
Manavadar,MVR,,
Mancherial,MCI,Telangana,
Mancheswar,MCS,Odisha,
Manda Road,MNF,,
Mandagere,MGF,,
Mandal,MDL,,
Mandalgarh,MLGH,,
Mandapam,MMM,Tamil Nadu,
Mandapam Camp,MC,,
Mandar Hill,MDLE,Bihar,
Mandasa Road,MMS,Andhra Pradesh,
Mandasor,MDS,Madhya Pradesh,
Manderdisa,MYD,Assam,
"Mandhana Junction, Kanpur",MDA,Uttar Pradesh,
Mandi Adampur,ADR,Haryana,
Mandi Bamora,MABA,Madhya Pradesh,
Mandi Dabwali,MBY,Haryana,
Mandi Dhanaura,MNDR,,
Mandi Dip,MDDP,Madhya Pradesh,
Mandla Fort,MFR,Madhya Pradesh,
Mandor,MDB,Rajasthan,
Mandrak,MXK,,
Manduadih,MUV,Uttar Pradesh,
Mandya,MYA,Karnataka,
Manendragarh,MDGR,,
Mangalagiri,MAG,Andhra Pradesh,
Mangaliyawas,MLI,,
Mangaluru Central,MAQ,Karnataka,
Mangaluru Junction,MAJN,Karnataka,
Mangaon,MNI,Maharashtra,
Mangliya Gaon,MGG,Madhya Pradesh,
Mangolpuri,MGLP,Delhi,
Mangra,MAZ,,
Manheru,MHU,,
Manigachi,MGI,,
Manikpur Junction,MKP,Uttar Pradesh,
Maninagar,MAN,Gujarat,
Manipur Bagan,MOAR,Assam,
Vanchi Maniyachchi Junction,MEJ,Tamil Nadu,
Manjeshwar,MJS,,
Mankapur Junction,MUR,Uttar Pradesh,
Mankar,MNAE,,
Mankarai,MNY,,
Mankatha,MKB,,
Mankhurd,M,Maharashtra,
Manki,MANK,,
Manmad Junction,MMR,Maharashtra,
Mannanur,MNUR,,
Manoharganj,MNJ,,
Manoharpur,MOU,,
Mansa,MSZ,Punjab,
Mansarovar,,Maharashtra,
Mansi Junction,MNE,Bihar,
Mansurpur,MSP,,
Manthralayam Road,MALM,Andhra Pradesh,
Manuguru,MUGR,Telangana,
Manwath Road,MVO,Maharashtra,
Manzurgarhi,MZGI,,
Marahra,MH,,
Maramjhiri,MJY,,
Marauda,MXA,,
Mariahu,MAY,,
Mariani Junction,MXN,Assam,
Marikuppam,MKM,,
Marine Lines,MEL,Maharashtra,
Maripat,MIU,,
Markapur Road,MRK,Andhra Pradesh,
Markundi,MKD,,
Marmagao,MRH,,
Maroli,MRL,Gujarat,
Marsul,MRV,,
Marthipalayam,MPLM,,
Marwar Bagra,MBGA,Rajasthan,
Marwar Balia,MBSK,Rajasthan,
Marwar Bhinmal,MBNL,Rajasthan,
Marwar Birthi,MBT,Rajasthan,
Marwar Chapri,MCPE,Rajasthan,
Marwar Junction,MJ,Rajasthan,
Marwar Kori,KOF,Rajasthan,
Marwar Lohwat,MWT,Rajasthan,
Marwar Mathanya,MMY,Rajasthan,
Marwar Ratanpur,MSQ,Rajasthan,
Masit,MST,,
Masjid Bunder,MSD,Maharashtra,
Maskanwa,MSW,,
Masodha,MSOD,,
Masrakh,MHC,,
Masur,MSR,,
Matana Buzurg,MABG,,
Mataundh,MTH,,
Mathura Cantonment,MRT,Uttar Pradesh,
Mathura Junction,MTJ,Uttar Pradesh,
Matlabpur,MTB,,
Matmari,MTU,,
Mattancheri Halt,MTNC,,
Matunga,,Maharashtra,
Matunga Road,MRU,Maharashtra,
Mau Aimma,MEM,Uttar Pradesh,
Mau Junction,MAU,Uttar Pradesh,
Mau Ranipur,MRPR,Uttar Pradesh,
Maur,MAUR,Punjab,
Maval,MAA,,
Mavelikara,MVLK,Kerala,
Mavli Junction,MVJ,Rajasthan,
Mayanoor,MYU,Tamil Nadu,
Mayiladuturai Junction,MV,Tamil Nadu,
Mayyanad,MYY,Kerala,
McCluskieganj,MGME,Uttar Pradesh,
Mecheda,MCA,West Bengal,
Medchal,MED,Telangana,
Meerut Cantonment,MUT,Uttar Pradesh,
Meerut City,MTC,Uttar Pradesh,
Meghnagar,MGN,Madhya Pradesh,
Mehnar Road,MNO,,
Mehsi,MAI,,
Meja Road,MJA,,
Melmaruvattur,MLMR,,
Melusar,MELH,,
Mendipathar,MNDP,Meghalaya,
Memari,MYM,,
Meralgram,MQX,,
Merta City,MEC,Rajasthan,
Merta Road Junction,MTD,Rajasthan,
Mettur,MTE,Tamil Nadu,
Metupalaiyam,MTP,Tamil Nadu,
Mettur Dam,MTDM,Tamil Nadu,
Mhasavad,MWD,Maharashtra,
Mahemdavad Kheda Road,MHD,Gujarat,
Mhow,MHOW,Madhya Pradesh,
Midnapore,MDN,West Bengal,
Migrendisa,MGE,Assam,
Mihinpurwa,MIN,,
Mihrawan,MIH,,
Milak,MIL,,
Minjur,MJR,Tamil Nadu,
Miraj Junction,MRJ,Maharashtra,
Miranpur Katra,MK,,
Mira Road,MIRA,Maharashtra,
Mirchadhori,MCQ,,
Mirhakur,MIQ,,
Mirthal,MRTL,Punjab,
Mirza,MRZA,Assam,
Mirzapali,MZL,,
Miryalaguda,MRGA,Telangana,
Mirzapur,MZP,Uttar Pradesh,
Misamari,MSMI,,
Misrauli,MFL,,
Mitha,MITA,,
Mithapur,MTHP,,
Miyagam Karjan,MYG,Gujarat,
Miyana,MYN,Gujarat,
Miyona ka Bara,MNKB,Rajasthan,
Modelgram,MG,,
Modinagar,MDNR,Uttar Pradesh,
Modnimb,MLB,,
Modpur,MDPR,,
Modran,MON,,
Moga,MOGA,Punjab,
Mohammadkhera,MQE,,
Mohanlalganj,MLJ,Uttar Pradesh,
Mohiuddinnagar,MOG,,
Mohiuddinpur,MUZ,Uttar Pradesh,
Mohol,MO,,
Mohri,MOY,Haryana,
Mokalsar,MKSR,Rajasthan,
Mokama Junction,MKA,Bihar,
Mokholi,MXL,,
Monabari,MFC,,
Monacherra,MNCR,Assam,
Mondh,MOF,,
Munger,MGR,Bihar,
Monglajhora,MONJ,Assam,
Moore Market Complex (Chennai Central Suburban),MMC,Tamil Nadu,
Moradabad,MB,Uttar Pradesh,
Morak,MKX,,
Morappur,MAP,Tamil Nadu,
Morbi,MVI,Gujarat,
Mordar,MRDD,,
Morena,MRA,Madhya Pradesh,
Mori Bera,MOI,,
Morinda,MRND,Punjab,
Morthala,MXO,,
Mota Jadra,MQZ,,
Moterjhar,MTJR,Assam,
Moth,MOTH,Uttar Pradesh,
Mothala,MTIA,,
Mothala Halt,MTHH,,
Motichur,MOTC,,
Bapudham Motihari,BMKI,Bihar,
Motipur,MTR,,
Motipura Chauki,MTPC,,
Moula-Ali,MOU,Telangana,
Muddanuru,MOO,,
Mudkhed Junction,MUE,Maharashtra,
Muftiganj,MFJ,,
Mughal Sarai Junction,MGS,Uttar Pradesh,
Muhammadabad,MMA,,
Muirpur Road,MPF,,
Mukerian,MEX,Punjab,
Mukhtiar Balwar,MKT,,
Muktsar,MKS,Punjab,
Mukundarayapuram,MCN,,
Muli Road,MOL,,
Mulki,MULK,,
Mullanpur,MLX,Punjab,
Mulanur,,,
Multai,MTY,Madhya Pradesh,
Mulund,,Maharashtra,
Mumbai Central,BCL,Maharashtra,
Mumbra,,Maharashtra,
Munabao,MBF,Rajasthan,
Mundalaram,MDLM,,
Mundha Pande,MPH,,
Mundhewadi,MVE,,
Mungaoli,MNV,,
Muniguda,MNGD,Odisha,
Munirabad,MRB,,
Munroturuttu,MQO,Kerala,
Mupa,MUPA,Assam,
Muradnagar,MUD,Uttar Pradesh,
Murdeshwar,MDRW,,
Murdeshwar,MRDW,,
Muri,MURI,Jharkhand,
Murkeongselek,MZS,Assam,
Murliganj,MRIJ,,
Murshadpur,MSDR,,
Murshidabad,MBB,West Bengal,
Murtizapur Junction,MZR,Maharashtra,
Musafir Khana,MFKA,Uttar Pradesh,
Mustafabad,MFB,,
Muttarasanallur,MTNL,,
Mutupet,MTT,,
Muzaffarnagar,MOZ,Uttar Pradesh,
Muzaffarpur Junction,MFP,Bihar,
Muzzampur Narayan,MZM,,
Mysuru Junction,MYS,Karnataka,
N[edit],,,
Station Name,Station Code,State,
Naya Ghaziabad,GZN,Uttar Pradesh,
N J Ramanal,NJM,,
Nabadwip Dham,NDAE,West Bengal,
Nabha,NBA,Punjab,
Nadauj,NDU,,
Nadiad Junction,ND,Gujarat,
Nandikoor,NAND,Karnatak,
Nadikudi,NDKD,Telangana,
Nagal,NGL,,
Naganahalli,NHY,,
Nagaon,NGAN,Assam,
Nagappattinam junction,NGT,Tamil Nadu,
Nagar,NGE,Rajasthan,
Nagar Untari,NUQ,Jharkhand,
Nagercoil Junction,NCJ,Tamil Nadu,
Nagardevla,NGD,,
Nagargali,NAG,,
Nagari,NGI,Andhra Pradesh,
Nagaria Sadat,NRS,,
Nagarur,NRR,,
Nagaur,NGO,Rajasthan,
Nagbhir Junction,NAB,Maharashtra,
Nagda Junction,NAD,Madhya Pradesh,
Nagercoil Town,NGK,Tamil Nadu,
Nagina,NGG,Uttar Pradesh,
Naglatula,NGLT,,
Nagore,NCR,Tamil Nadu,
Nagpur,NGP,Maharashtra,
Nagrota,NGRT,Punjab,
Naharkatiya,NHK,,
Naharlagun,NHLN,Arunachal Pradesh,
Nahur,,Maharashtra,
Naigaon,NIG,Maharashtra,
Naihati Junction,NH,West Bengal,
Naikheri,NKI,,
Naila,NIA,Chhattisgarh,
Naini,NYN,Uttar Pradesh,
Nainpur Junction,NIR,Madhya Pradesh,
Najibabad Junction,NBD,,
Nakodar Junction,NRO,,
Nalanda,NLD,Bihar,
Nala Sopara,NSP,Maharashtra,
Nalbari,NLV,Assam,
Nalgonda,NLDA,Telangana,
Nalhati,NHT,West Bengal,
Naliya,NLY,Gujarat,
Naliya Cantonment,NLC,Gujarat,
Nalwar,NW,,
Namakkal,NMKL,Tamil Nadu,
Namburu,NBR,,
Namkom,NKM,Jharkhand,
Namli,NLI,,
Namrup,NAM,Assam,
Nana,NANA,,
Nana Bhamodra,NBHM,,
Nanaksar,NNKR,,
Nandalur,NRE,Andhra Pradesh,
Nandapur,NDPR,,
Hazur Sahib Nanded,NED,Maharashtra,
Nandganj,NDJ,,
Nandgaon,NGN,Maharashtra,
Nandgaon Road,NAN,,
Nandiambakkam,NPKM,Tamil Nadu,
Nandol Dehegam,NHM,,
Nandura,NN,Maharashtra,
Nandurbar,NDB,Maharashtra,
Nandyal Junction,NDL,Andhra Pradesh,
Nangal Dam,NLDM,Punjab,
Nangloi,NNO,Delhi,
Nanguneri,NNN,Tamil Nadu,
Nanjangud Town,NTW,Karnataka,
Nanpara Junction,NNP,,
Naojan,NJN,,
Napasar,NPS,Rajasthan|,
Nar Town,NTN,,
Naraikkinar,NRK,Tamil Nadu,
Naraina,NRI,Delhi,
Narangi,NNGE,Assam,
Naranjipur,NRGR,,
Narasapur,NS,Andhra Pradesh,
Narasaraopet,NRT,Andhra Pradesh,
Narayanpet Road,NRPD,,
Narayanpur,NNR,Assam,
Narayanpur Anant,NRPA,Bihar,
Nardana,NDN,,
Narela,NUR,Delhi,
Nari Road,NROD,,
Nariaoli,NOI,,
Narkatiaganj Junction,NKE,Bihar,
Narkher,NRKR,Maharashtra,
Narnaul,NNL,Haryana,
Naroda,NRD,,
Narsinghpur,NU,Madhya Pradesh,
Narwana Junction,NRW,Haryana,
Narwasi,NRWI,,
Nasik Road,NK,Maharashtra,
Nasirabad,NSD,,
Nathdwara,NDT,Rajasthan|,
Nathwana,NTZ,,
Naugachia,NNA,Bihar,
Nauganwan,NGW,,
Naugarh,NUH,Uttar Pradesh,
Naupada Junction,NWP,Andhra Pradesh,
Nautanwa,NTV,Uttar Pradesh,
Navade Road,,Maharashtra,
Navagadh,NUD,,
Navalur,NVU,,
Navapur,NWU,Gujarat,
Navlakhi,NLK,,
Navsari,NVS,Gujarat,
Nawa City,NAC,Rajasthan|,
Nawadah,NWD,Bihar,
Nawagaon,NVG,,
Nawalgarh,NWH,Rajasthan,
Nawalgohan,NVLN,,
Naya Azadpur,NDAZ,Delhi,
Naya Kharadia,NYK,Rajasthan|,
Naya Nangal,NNGL,Punjab,
Nayadupeta,NYP,Andhra Pradesh,
Nayagaon,NYO,Bihar,
Naydongri,NI,,
Nazareth,NZT,Tamil Nadu,
Nazirganj,NAZJ,,
Nekonda,NKD,Telangana,
Nellimaria,NML,,
Nellore,NLR,Andhra Pradesh,
Nemilichery,NEC,Tamil Nadu,
Nemom,NEM,Kerala,
Nenpur,NEP,,
Nepalganj Road,NPR,Uttar Pradesh,
Nepanagar,NPNR,Madhya Pradesh,
Neral,NRL,Maharashtra,
Nergundi,NRG,,
Neri,NERI,Uttar Pradesh,
Nerul,NU,Maharashtra,
Netawal,NTWL,,
New Alipurduar,NOQ,West Bengal,
New Bhuj,NBUJ,Gujarat,
New Bhuj,NBVJ,,
New Bongaigaon Junction,NBQ,Assam,
New Cooch Behar,NCB,West Bengal,
New Delhi,NDLS,Delhi NCT,
New Farakka Junction,NFK,West Bengal,
New Gitldada Junction,NGTG,,
New Guntur,NGNT,Andhra Pradesh,
New Jalpaiguri,NJP,West Bengal,
New Mal Junction,NMZ,West Bengal,
New Maynaguri,NMX,West Bengal,
New Misamari,NMM,Assam,
Neyveli,NVL,Tamil Nadu,
Neyyattinkara,NYY,Kerala,
Ngrjunanagaramu,NGJN,,
Nibhapur,NBP,,
Nidadavolu Junction,NDD,Andhra Pradesh,
Nidamangalam Junction,NMJ,Tamil Nadu,
Nidubrolu,NDO,Andhra Pradesh,
Nigohan,NHN,,
Nihalgarh,NHH,Uttar Pradesh,
Nilaje,,Maharashtra,
Nilambazar,NLBR,Assam,
Nilambur Road,NIL,Kerala,
Nileshwar,NLE,,
Nilokheri,NLKR,Haryana,
Nim Ka Thana,NMK,Rajasthan,
Nimach,NMH,Madhya Pradesh,
Nimar Kheri,NKR,,
Nimbahera,NBH,Rajasthan|,
Nimbhora,NB,,
Nimtita,NILE,West Bengal,
Nindhar Benar,NDH,Rajasthan,
Ningala Junction,NGA,,
Nipani Vadgaon,NPW,,
Niphad,NR,,
Nira,NIRA,,
Nirakarpur,NKP,Odisha,
Nirmali,NMA,,
Nisui,NSU,,
Nivari,NEW,,
Nivasar,NIV,,
Nizamabad,NZB,Telangana,
Nizampur,NIP,,
Nizbarganj,NBX,,
Nizchatia,NCA,,
Noamundi,NOMD,Odisha,
Nohar,NHR,Rajasthan,
Nokha,NOK,RajasthanRajasthan,
Nomoda,NMD,,
Nonera,NNE,,
Norla Road,NRLR,Odisha,
North Lakhimpur,NLP,Assam,
Nosaria,NOA,,
Nowrozabad,NRZB,,
Noyal,NOY,,
Narayanpur Tatwar,NNW,,
Nua,NUA,,
Nunkhar,NRA,,
Nurmahal,NRM,,
O[edit],,,
Station Name,Station Code,State,
Okha,OKHA,Gujarat,
Old Delhi Junction,DLI,Delhi,
Old Malda Junction,OMFL,West Bengal,
Ondagram,ODM,West Bengal,
Ongole,OGL,Andhra Pradesh,
Orai,ORAI,Uttar Pradesh,
Ottapalam,OTP,Kerala,
Ooragaum,OGM,Karnataka,
P[edit],,,
Station Name,Station Code,State,
Pabai,PAI,,
Pabli Khas,PQY,Uttar Pradesh,
Pachrukhi,PCK,,
Pachhapur,PCH,,
Pachor Road,PFR,,
Pachora Junction,PC,Maharashtra,
Paddhari,PDH,Gujarat,
Padhegaon,PDGN,,
Padrauna,POU,Uttar Pradesh,
Padse,PDP,,
Padubidri,PDD,Karnataka,
Pagara,PGA,,
Pahara,PRE,,
Paharpur,PRP,,
Pajian,PJA,,
Pakala Junction,PAK,Andhra Pradesh,
Pakki,PKK,,
Pakur,PKR,Jharkhand,
Palachauri,PCLI,,
Palam,PM,Delhi,
Palampur Himachal,PLMX,Himachal Pradesh,
Palampur HP OA,PLMA,,
Palana,PAE,,
Palani,PLNI,Tamil Nadu,
Palanpur Junction,PNU,Gujarat,
Palappuram,PLPM,Kerala,
Palasa,PSA,Andhra Pradesh,
Palasdari,,Maharashtra,
Paldhi,PLD,,
Pahlejaghat Junction,PHLJ,Bihar,
Palej,PLJ,,
Palghar,PLG,Maharashtra,
Palakkad Junction,PGT,Kerala,
Palakkad Town,PGTN,Kerala,
Palakollu,PKO,Andhra Pradesh,
Pali Marwar,PMY,Rajasthan,
Palia,PLA,,
Palia Kalan,PLK,Uttar Pradesh,
Palitana,PIT,Gujarat,
Palpara,PXR,,
Palsana,PLSN,,
Palsora Makrawa,PSO,,
Palwal,PWL,Haryana,
Pamban Junction,PBM,Tamil Nadu,
Panagarh,PAN,West Bengal,
Panbari,PNB,Assam,
Panch Pipila,PCN,Madhya Pradesh,
Panch Rukhi,PHRH,,
Pancharatna,PNVT,Assam,
Panchgram,PNGM,Assam,
Panchtalavda Rd,PCT,,
Pandavapura,PANP,,
Pandaravadai,PDV,Tamil Nadu,
Pandharpur,PVR,Maharashtra,
Pandhurna,PAR,Madhya Pradesh,
Pandoli,PMO,,
Paneli Moti,PLM,,
Paniahwa,PNYA,,
Panikhaiti,PHI,Assam,
Panipat Junction,PNP,Haryana,
Panitola,PNT,,
Panjhan,PJN,,
"Panki, Kanpur",PNK,Uttar Pradesh,
Panruti,PRT,,
Panskura Junction,PKU,West Bengal,
Pantnagar,PBW,Uttarakhand,
Panvel,PNVL,Maharashtra,
Papanasam,PML,Tamil Nadu,
Paradgaon,PDG,,
Paralakhemundi,PLH,,
Paramakkudi,PMK,Tamil Nadu,
Paras,PS,,
Parasia,PUX,,
Parasnath Station,PNME,Jharkhand,
Paravur,PVU,Kerala,
Parbati,PRB,,
Parbhani Junction,PBN,Maharashtra,
Pardhande,PHQ,,
Pardi,PAD,,
Parel,,Maharashtra,
Parhihara,PIH,,
Parkham,PRK,,
Parli,PLL,Kerala,
Parli Vaijnath,PRLI,Maharashtra,
Parlu,PRU,,
Parappanangadi,PGI,Kerala,
Parsa Bazar,PRBZ,,
Parsa Khera,PKRA,,
Parsabad,PSB,,
Parsipur,PRF,,
Parsoda,PSD,,
Partapgarh Junction,PBH,,
"Partapur, Uttar Pradesh",PRTP,Uttar Pradesh,
Partur,PTU,Maharashtra,
Parvatipuram,PVP,Andhra Pradesh,
Parvatipuram Town,PVPT,Andhra Pradesh,
Pasur,PAS,,
Patal Pani,PTP,,
Patan,PTN,Gujarat,
Patara,PTRE,,
Patas,PAA,,
Pataudi Road,PTRD,Haryana,
Pathankot Junction,PTK,Punjab,
Pathankot Cantt,PTKC,Punjab,
Pathardih Junction,PEH,,
Patharkandi,PTKD,Assam,
Patharkhola S,PKB,Assam,
Patharia,PHA,,
Pathauli,PTLI,,
Pathri,PRI,,
Pathsala,PBL,Assam,
Patiala,PTA,Punjab,
Patiladaha,PTLD,Assam,
Patli,PT,Haryana,
Patna Junction,PNBE,Bihar,
Patna Saheb,PNC,Bihar,
Patranga,PTH,Uttar Pradesh,
Patratu,PTRU,Jharkhand,
Patsul,PTZ,,
Pattabiram,PAB,Tamil Nadu,
Pattabiram West,PRWS,Tamil Nadu,
Pattabiram East Depot,PRES,Tamil Nadu,
Pattambi,PTB,Kerala,
Pattaravakkam,PVM,Tamil Nadu,
Patti,PAX,,
Pavur Chatram,PCM,,
Pawapuri Road,PQE,,
Payagpur,PDR,,
Payangadi,PAZ,,
Payyanur,PAY,,
Payyoli,PYOL,Kerala,
Peddapalli,PDPL,Telangana,
Pendra Road,PND,Chhattisgarh,
Penganga,PGG,Maharashtra,
Penukonda,PKD,Andhra Pradesh,
Perambur,PER,Tamil Nadu,
Perambur Carriage Works,PCW,Tamil Nadu,
Perambur Loco Works,PEW,Tamil Nadu,
Pernem,PERN,Goa,
Perugamani,PGN,,
Petlad Junction,PTD,Gujarat,
Pethanaickenpalayam,PDKM,Tamil Nadu,
Pettaivayatalai,PLI,,
Phagwara Junction,PGW,Punjab,
Phakhoagram,PKGM,Assam,
Phalodi,PLC,Rajasthan,
Phanda,PUD,,
Phaphamau Junction,PFM,Uttar Pradesh,
Phaphund,PHD,Uttar Pradesh,
Phephna Junction,PEP,Rajasthan,
Phesar,PES,,
Phillaur Junction,PHR,Punjab,
Phulad,FLD,Rajasthan,
Phulaguri,PUY,Assam,
Phulera Junction,FL,Rajasthan,
Phulpur,PLP,Uttar Pradesh,
Pij,PIJ,,
Pilamedu(Coimbatore),PLMD,Tamil Nadu,
Pili Bangan,PGK,Rajasthan,
Pilibhit Junction,PBE,Uttar Pradesh,
Pilioda,PDZ,,
Pilkhua,PKW,Uttar Pradesh,
Pimpar Khed,PKE,,
Pimpri,PMP,Maharashtra,
Pindra Road,PDRD,,
Pingleshwar,PLW,,
Pipalda Road,POR,Rajasthan,
Pipalsana,PLS,Uttar Pradesh,
Pipar Road Junction,PPR,Rajasthan,
Pipariya,PPI,Madhya Pradesh,
Piparpur,PPU,,
Piparsand,POF,,
Piplaj,PPF,,
Piplee,PLE,,
Piplia,PIP,Madhya Pradesh,
Piplod Junction,PPD,Gujarat,
Piploda Bagla,PPG,Madhya Pradesh,
Pipraich,PPC,Uttar Pradesh,
Pipraigaon,PIA,,
Piprala,PFL,,
Pipri Dih,PPH,,
Pirjhalar,PJH,,
Pirpainti,PPT,Bihar,
Pirthiganj,PHV,,
Pirumadara,PRM,,
Pirwa,PW,,
Pitambarpur,PMR,,
Pithapuram,PAP,Andhra Pradesh,
Plassey,PLY,West Bengal,
PMBAKVL_SHANDY,PBKS,,
Podanur Junction,PTJ,Tamil Nadu,
Pokhrayan,PHN,Uttar Pradesh,
Pokran,POK,Rajasthan,
Pollachi Junction,POY,Tamil Nadu,
Polur,PRL,Tamil Nadu,
Ponmalai Golden Rock,GOC,Tamil Nadu,
Ponneri,PON,Tamil Nadu,
Porbandar,PBR,Gujarat,
Potul,POZ,,
Prachi Road Junction,PCC,,
Pranpur Road,PQD,Uttar Pradesh,
Prantij,PRJ,Gujarat,
Prantik,PNE,,
Prayag,PRG,Uttar Pradesh,
Prayag Ghat,PYG,,
Pritam Nagar,PRNG,,
Proddatur,PRDT,Andhra Pradesh,
Puducherry,PDY,Puducherry,
Pudukad,PUK,,
Pudukkottai,PDKT,Tamil Nadu,
Pugalur,PGR,,
Pulgaon Junction,PLO,Maharashtra,
Punalur,PUU,,
Punarakh,PHK,,
Pundhag,PNW,Jharkhand,
Pune Junction,PUNE,Maharashtra,
Punkunnam,PNQ,,
Punpun,PPN,Bihar,
Puntamba,PB,Maharashtra,
Purab Sarai,PBS,,
Puraini,PNI,,
Puranigudam,PUQ,Assam,
Puranpur,PP,Uttar Pradesh,
Puri,PURI,Odisha,
Purna Junction,PAU,Maharashtra,
Purnia Junction,PRNA,Bihar,
Purnia Court,PRNC,Bihar,
Purua Khera,PRKE,,
Purulia Junction,PRR,West Bengal,
Puttur,PUT,Andhra Pradesh,
Q[edit],,,
Station Name,Station Code,State,
Quarry SDG,QRS,SE Railway|,
R[edit],,,
Station Name,Station Code,State,
Rabale,,Maharashtra,
Radhanpur,RDHP,Gujarat,
Radhikapur,RDP,West Bengal,
Rae Bareli Junction,RBL,Uttar Pradesh,
Rafiganj,RFJ,Bihar,
Ragaul,RGU,,
Raghunathpur,RPR,Bihar,
Raha,RAHA,Assam,
"Rahimabad, India",RBD,,
Rahimatpur,RMP,,
Rahul Road,RRE,,
Rahuri,RRI,Maharashtra,
Rai Singh Nagar,RSNR,,
Raibha,RAI,,
Raichur,RC,Karnataka,
Raiganj,RGJ,West Bengal,
Raigarh,RIG,Chhattisgarh,
Raika Bagh,RKB,Rajasthan,
Raila Road,RLR,,
Raimehatpur,MTPR,,
Raipur Junction,R,Chhattisgarh,
Rairakhol,RAIR,Odisha,
Raisi,RSI,,
Raiwala,RWL,Uttarakhand,
Raj Gangpur,GP,Odisha,
Raj Nandgaon,RJN,Chhattisgarh,
Raja Bhat Khawa,RVK,,
Raja Ka Sahaspur,RJK,Uttar Pradesh,
Raja Ki Mandi,RKM,Uttar Pradesh,
Rajaldesar,RJR,Rajasthan,
Rajamundry,RJY,Andhra Pradesh,
Rajapalayam,RJPM,Tamil Nadu,
Rajapur Road,RAJP,Maharashtra,
Rajawari,RJI,,
Rajendranagar Terminal,RJQ,Bihar,
Rajgarh,RHG,Rajasthan,
Rajghat Narora,RG,Uttar Pradesh,
Rajgir,RGD,Bihar,
Rajhura,RHR,,
Rajiyasar,RJS,,
Rajkharsawan Junction,RKSN,Jharkhand,
Rajkot Junction,RJT,Gujarat,
Rajlu Garhi,RUG,,
Rajmahal,RJL,Jharkhand,
Rajmane,RM,,
Rajosi,ROS,,
Rajpipla,RAJ,Gujarat,
Rajpura Junction,RPJ,Punjab,
Rajula City,RJU,,
Rajula Junction,RLA,,
Rajur,RAJR,,
Rakha Mines,RHE,,
Rakhi,RHI,Rajasthan,
Ram Chaura Road,RMC,,
Raman,RMN,Punjab,
Ram Dayalu Nagar,RD,Muzaffarpur,
Ramanagaram,RMGM,Karnataka,
Ramanathapuram,RMD,Tamil Nadu,
Ramdevra,RDRA,Rajasthan,
Rameswaram,RMM,Tamil Nadu,
Ramganga,RGB,Uttar Pradesh,
Ramganj,RMGJ,,
Ramganj Mandi,RMA,Rajasthan,
Ramgarh Cantonment,RMT,Jharkhand,
Ramgarhwa,RGH,Bihar,
Ramagundam,RDM,Telangana,
Ramkola,RKL,,
Ramna,RMF,,
Ramnagar,RMR,Uttarakhand,
Rampur,RMU,Uttar Pradesh,
Rampur Dumra,RDUM,,
Rampur Hat,RPH,West Bengal,
Rampura Phul,PUL,,
Ramsan,RXN,Gujarat,
Ramsar,RMX,Rajasthan,
Ramtek,RTK,Maharashtra,
Rana Bordi,RNBD,,
Ranaghat Junction,RHA,West Bengal,
Ranala,RNL,,
Ranapratapnagar,RPZ,Rajasthan,
Ranavav,RWO,,
Marwar Ranawas,MRWS,Rajasthan,
Ranchi,RNC,Jharkhand,
Ranchi Road,RRME,Jharkhand,
Rangapara North,RPAN,Assam,
Rangiya Junction,RNY,Assam,
Rangjuli,RGJI,Assam,
Rangmahal,RMH,,
Rani,RANI,Rajasthan,
Ranibennur,RNR,Karnataka,
Raniganj,RNG,West Bengal,
Ranipur Road,RNRD,,
Raniwara,RNV,Rajasthan,
Ranjangaon Rd,RNJD,Maharashtra,
Ranjani,RNE,,
Ranoli,RNO,,
Ranolishishu,RNIS,,
Ranpur,RUR,,
Ranthambhore,RNT,Rajasthan,
Ranuj,RUJ,,
Rasra,RSR,,
Rasulabad,RUB,,
Rasull,RES,,
Rasuriya,RYS,,
Rasipuram,RASP,Tamil Nadu,
Ratabari,RTBR,Assam,
Ratan Shahr,RSH,Rajasthan,
Ratangaon,RTGN,,
Ratangarh Junction,RTGH,Rajasthan,
Ratangarh West,RXW,Rajasthan,
Ratanpura,RTP,,
Rathdhana,RDDE,Haryana,
Ratlam Junction,RTM,Madhya Pradesh,
Ratnagiri,RN,Maharashtra,
Ratnal,RUT,,
Rau,RAU,,
Rauzagaon,RZN,,
Raver,RV,Maharashtra,
Rawania Dungar,RWJ,,
Rawatpur(Kanpur),RPO,Uttar Pradesh,
Raxaul Junction,RXL,Bihar,
Rayagada,RGDA,Odisha,
Rayalcheruvu,RLO,Andhra Pradesh,
Raybag,RBG,,
Rayadurg,RDG,Anantapur(AP),
Razampeta,RJP,,
Reay Road,,Maharashtra,
Rechni Road,RECH,,
Ren,REN,,
Renigunta Junction,RU,Andhra Pradesh,
Renukut,RNQ,Uttar Pradesh,
Renwal,RNW,,
Reoti B Khera,RBK,,
Repalle,RAL,Andhra Pradesh,
Rethorakalan,RAKL,,
Rewa Terminal,REWA,Madhya Pradesh,
Rewari Junction,RE,Haryana,
Richha Road,RR,Uttar Pradesh,
Richughutu,RCGT,,
Ridhore,RID,,
Ringas Junction,RGS,Rajasthan,
Risama,RSA,,
Rishikesh,RKSH,Uttarakhand,
Rishra,RIS,West Bengal,
Risia,RS,,
Rithi,REI,,
Rajendar Nagar Bihar,RJPB,Bihar,
Ramgarh Shekhwati,RSWT,Rajasthan,
Raninagar Jalpaiguri,RQJ,West Bengal,
Robertsganj,RBGJ,Uttar Pradesh,
Roha,ROH,Maharashtra,
Rohana Kalan,RNA,Uttar Pradesh,
Rohini,RHNE,Maharashtra,
Rohtak Junction,ROK,Haryana,
Roorkee,RK,Uttarakhand,
Rora,RORA,,
Roshanpur,RHN,,
Rotegaon,RGO,,
Rourkela,ROU,Odisha,
Rowta Bagan,RWTB,,
Roza Junction,RAC,Uttar Pradesh,
Rudauli,RDL,,
Rudrapur City,RUPC,Uttarakhand,
Rudrapur Road,RUPR,,
Rukadi,RKD,,
Runija,RNJ,,
Runkhera,RNH,,
Rupaheli,RPI,,
Rupahigaon,RUP,Assam,
Rupamau,RUM,,
Rupaund,RPD,,
Rupasibari,RPB,Assam,
Rupbas,RBS,,
Rupnagar,RPAR,Punjab,
Rupnarayanpur,RNPR,,
Rupra Road,RPRD,Odisha,
Rupsa Junction,ROP,Odisha,
Rura,RRH,Uttar Pradesh,
Rusera Ghat,ROA,Bihar,
Ruthiyai Junction,RTA,Madhya Pradesh,
S[edit],,,
Station Name,Station Code,State,
S Narayan CHPLA,SNC,,
Sabalgarh,SBL,Madhya Pradesh,
Sabarmati Junction,SBI,,
Sabarmati Junction,SBT,,
Sabaur,SBO,,
Sachin,SCH,Gujarat,
Sadar Bazaar,DSB,Delhi,
Sadat,SDT,,
Sadhoo Garh,SDY,,
Sadisopur,SDE,,
Sadulpur Junction,SDLP,Rajasthan,
Sadulshahr,SDS,Rajasthan,
Safdarganj,DSJ,National Capital Territory,
Safedabad,SFH,,
Sagardighi,SDI,West Bengal,
Sagar Jambagaru,SRF,,
Sagarpali,SVI,,
Sagauli Junction,SGL,Bihar,
Sagoni,SAO,,
Saharanpur Junction,SRE,Uttar Pradesh,
Saharsa Junction,SHC,Bihar,
Sahatwar,STW,,
Sahawar Town,SWRT,,
Sahibabad,SBB,,
Sahibganj Junction,SBG,Jharkhand,
Sahibpur KML Junction,SKJ,,
Sahjanwa,SWA,,
Sri Sathya Sai Prasanthi Nilayam,SSPN,Andhra Pradesh,
Saidkhanpur,SYK,,
Saidraja,SYJ,,
Sainthia railway station,SNT,West Bengal,
Saiyid Sarawan,SYWN,,
Sajanvar Road,SJF,,
Sajiyavadar,SVJ,,
Sakaldiha,SLD,,
Sakharayapatna (Sakrepatna),SKPN,Karnataka,
Sakhi Gopal,SIL,Odisha,
Sakhoti Tanda,SKF,,
Sakhpur,SKR,,
Sakleshpur,SKLR,Karnataka,
Sakri Junction,SKI,,
Saktesgarh,SKGH,,
Sakti,SKT,Chhattisgarh,
Salakati,SLKX,Assam,
Salamatpur,SMT,,
Salar,SALE,,
Salarpur,SLRP,,
Salawas,SZ,Rajasthan,
Salchapra,SCA,Assam,
Salekasa,SKS,Maharashtra,
Salem Junction,SA,,
Salem Market,SAMT,Tamil Nadu,
Salem Town,SXT,,
Salemgarhmasani,SJSM,,
Salempur Junction,SRU,Uttar Pradesh,
Salogra,SLR,,
Salona,SLON,Assam,
Salpura,SYL,,
Salur,SALR,Andhra Pradesh,
Salwa,SAL,,
Samaguri,SMGR,Assam,
Samakhiali,SIO,,
Samakhiali B G,SIOB,Gujarat,
Samalkha,SMK,Haryana,
Samalpatti,SLY,Tamil Nadu,
Samalkot Junction,SLO,Andhra Pradesh,
Samastipur Junction,SPJ,Bihar,
Samba,SMBX,Jammu And Kashmir,
Sambalpur,SBP,Odisha,
Sambalpur Road,SBPD,,
Sambhar Lake,SBR,Rajasthan,
Samdhari Junction,SMR,Rajasthan,
Samlaya Junction,SMLA,,
Sampla,SPZ,Haryana,
Samrau,SRK,,
Samsi,SM,,
Sanehwal,SNL,Punjab,
Sanand,SAU,Gujarat,
Sanaura,SWU,,
Sanawad,SWD,,
Sanchi,SCI,Madhya Pradesh,
Sandal Kalan,SLKN,Haryana,
Sandila,SAN,,
Sanathnagar,SNF,,
Sandhurst Road,SNRD,Maharashtra,
Saneh Road,SNX,,
Sanganapur,SNGR,,
Sanganer,SNGN,,
Sangar,SGRR,,
Sangaria,SGRA,,
Sangat,SGF,,
Sangli,SLI,Maharashtra,
Sangmeshwar Road,SGR,Maharashtra,
Sangola,SGLA,,
Sangrampur,SNU,,
Sangrana Sahib,SBS,,
Sangrur,SAG,Punjab,
Sanichara,SAC,,
Sanjan,SJN,,
Sankarankovil,SNKL,Tamil Nadu,
SankariDurg,SGE,Tamil Nadu,
Sankval,SKVL,,
Sanosara Nandra,SNSR,,
Sanosra,SOA,,
Sanpada,,Maharashtra,
Sant Road,SAT,,
Santacruz,STC,Maharashtra,
Santaldih,SNTD,,
Santalpur,SNLR,,
Sanvordam Curchorem,DCR,Goa,
Sanvatsar,SNVR,,
Sanvrad,SVO,,
Sapatgram,SPX,Assam,
Saphale,SAH,Maharashtra,
Saradhna,SDH,,
Sarai Chandi,SYC,,
Sarai Harkhu,SVZ,,
Sarai Kansrai,SQN,,
Sarai Mir,SMZ,,
Sarai Rani,RKS,,
Sarangpur,SFW,,
Sardarnagar,SANR,,
Sardarshahr,SRDR,,
Sareigram,SGAM,,
Sareri,SSR,,
Sarkoni,SIQ,,
Sarnath,SRNT,,
Sarojini Nagar,SOJ,,
Sarola,SRL,,
Sarotra Road,SZA,,
Sarsawa,SSW,,
Sarupathar,SZR,,
Sarwari,SVD,,
Sasan Gir,SASG,,
Sasaram,SSM,Bihar,
Sasni,SNS,,
Satadhar,STDR,,
Satara,STR,Maharashtra,
Sathajagat,STJT,,
Sathiaon,SAA,,
Sathin Road,SWF,,
Satna,STA,Madhya Pradesh,
Satnali,STNL,,
Satuna,SCO,,
Satur,SRT,Tamil Nadu,
Saugor,SGO,,
Savarda,SVX,,
Savarkundla,SVKD,,
Savda,SAV,,
Sawai Madhopur,SWM,Rajasthan,
Sawai Madhopur Junction,SWMM,,
Sawantwadi Road,SWV,Maharashtra,
Sealdah,SDAH,West Bengal,
Seawoods-Darave,,Maharashtra,
Secunderabad Junction,SC,Telangana,
Sehore,SEH,Madhya Pradesh,
Sehramau,SW,,
Selu,SELU,Maharashtra,
Semarkheri,SRKI,,
Senapura,SEN,,
Senchoa Junction,SCE,Assam,
Sendra,SEU,,
Sengottai,SCT,Tamil Nadu,
Seohara,SEO,,
Seoraphuli,SHE,,
Seram,SEM,Karnataka,
Serampore,SRP,,
Settihally,SET,,
Sevagram,SEGM,Maharashtra,
Sevaliya,SVL,,
Sewapuri,SWPR,,
Sewri,,Maharashtra,
Shadhoragaon,SHDR,,
Shahabad,SDB,Karnataka,
Shahad,SHAD,Maharashtra,
Saharsa Junction,SHS,Bihar,
Shahbad Markanda,SHDM,Haryana,
Shahbad Mohammadpur,,,
Shahdol,SDL,Madhya Pradesh,
Shahganj Junction,SHG,Uttar Pradesh,
Shahjehanpur,SPN,Uttar Pradesh,
Shahpur Patoree,SPP,Bihar,
Shahzad Nagar,SAR,,
Shajahanpur court,SXK,Uttar Pradesh,
Shajapur,SFY,Madhya Pradesh,
Shakti Nagar,SKTN,Uttar Pradesh,
Shakurbasti,SSB,Delhi,
Shambhupura,SMP,,
Shamgarh,SGZ,Madhya Pradesh,
Shamlaji Road,SJS,,
Shankargarh,SRJ,,
Shankarpalli,SKP,Telangana,
Shantipur,STB,,
Shapur Sorath Junction,SHH,,
Sharma,SHRM,,
SHDSPRA_PADMPRA,SAS,,
Shedbal,SED,,
Shegaon,SEG,Maharashtra,
Sheikpura,SHK,,
Shelu,,Maharashtra,
Shendri,SEI,,
Shenoli,SNE,,
Sheo Singh Pura,SHNX,,
Sheopur Kalan,SOE,Madhya Pradesh,
Sherekan,SRKN,,
Shertalai,SRTL,,
Shikohabad Junction,SKB,Uttar Pradesh,
Shimoga,SME,Karnataka,
Shimoga Town,SMET,,
Shirdi (Sainagar Shirdi),SNSI,Maharashtra,
Shiribagilu,,,
Shiroor,SHMI,,
Shirravde,SIW,,
Shirsoli,SS,,
Shiupur,SOP,,
Shivamogga,,Karnataka,
Shivarampur,WSC,,
Shivnagar,SHNG,,
Shivni Shivapur,SVW,Maharashtra,
Shivpuri,SVPI,Madhya Pradesh,
Shivrampur,SWC,,
Shivaji Bridge,CSB,Delhi,
Shoghi,SGS,,
Shohratgarh,SOT,,
Sholapur CB,SURC,Maharashtra,
Sholavandan,SDN,Tamil Nadu,
Shoranur Junction,SRR,Kerala,
Shri Amirgadh,SIM,Gujarat,
Shri Ganganagar,SGNR,Rajasthan,
Shri Karanpur,SRW,,
Shri Madhopur,SMPR,,
Shri Mahabirji,SMBJ,Rajasthan,
Shri Mata Vaishno Devi Katra,SVDK,Jammu and Kashmir,
Shridham,SRID,Madhya Pradesh,
Shrigonda Road,SGND,Maharashtra,
Shrikalyanpura,SKPA,,
ShriKshetra Nagzari,NGZ,Maharashtra,
Shrirajnagar,SAGR,,
Shrirangapatna,S,Karnataka,
Shrivagilu,SVGL,,
Shujaatpur,SJT,,
Shujalpur,SJP,,
Shyamnagar,SNR,West Bengal,
Siajuli,SWJ,,
Sibsagar Town (Sivasagar),SRTN,Assam,
Siddhpur,SID,Gujarat,
Sidhauli,SD,,
Sidmukh,SDMK,,
Sihapar,SIPR,,
Siho,SIHO,,
Sihor Gujarat,SOJN,Gujarat,
Sihora Road,SHR,,
Sikandarpur,SKQ,,
Sikandra Rao,SKA,,
Sikar Junction,SIKR,Rajasthan,
Sikir,SFK,,
Silanibari,SOB,,
Silao,SILO,,
Silapathar,SPTR,,
Silaut,SLT,,
Silchar,SCL,Assam,
Silghat Town,SHTT,Assam,
Siliguri Junction,SGUJ,West Bengal,
Siliguru Town,SGUT,,
Silli,SLF,Jharkhand,
Simaluguri Junction,SLGR,Assam,
Simaria,SAE,,
Simbhooli,SMBL,,
Simen Chapari,SMCP,,
Simhachalam,SCM,Andhra Pradesh,
Simla,SML,Himachal Pradesh,
Simlagarh,SLG,,
Simultala,STL,,
Simurali,SMX,,
Sindhudurg,SNDD,Maharashtra,
Sindi,SNI,Maharashtra,
Sindkheda,SNK,Maharashtra,
Sindpan,SDPN,,
Sindri Town,SNDT,,
Sindurwa,SYW,,
Singanallur(Coimbatore),SHIN,Tamil Nadu,
Singapur Road,SPRD,Andhra Pradesh,
Singarayakonda,SKM,Andhra Pradesh,
Singareni Colleries,SYI,Telangana,
Singarpur,SNPR,,
Singrauli,SGRL,Madhya Pradesh,
Singwal,SGW,,
Sini Junction,SINI,Jharkhand,
Sion,,Maharashtra,
Siras,SRAS,,
Sirathu,SRO,,
Sirhind Junction,SIR,Punjab,
Sirkazhi,SY,Tamil Nadu,
Sirli,SIF,,
Sirohi Road,SOH,,
Sirpur Kagaznagar,SKZR,Telangana,
Sirpur Town,SRUR,Telangana,
Sirran,SIRN,,
Sirsa,SSA,Haryana,
Sisarka,SSKA,,
Sisvinhalli,SVHE,,
Siswa Bazar,SBZ,,
Sitamarhi,SMI,Bihar,
Sitapur,STP,Uttar Pradesh,
Sitapur Cantonment,SCC,,
Sitapur City,SPC,,
Sitarampur,STN,,
Sithalavai,SEV,,
Sithouli,STLI,,
Sitimani,SII,,
Sivaganga,SVGA,Tamil Nadu,
Sivajinagar,SVJR,,
Sivakasi,SVKS,Tamil Nadu,
Siwaith,SWE,,
Siwan Junction,SV,Bihar,
Siwani,SWNI,Haryana,
Sodepur,SDP,West Bengal,
Sohagpur,SGP,Madhya Pradesh,
Sohwal,SLW,,
Sojat Road,SOD,Rajasthan,
Sojitra,SJTR,,
Solan,SOL,Himachal Pradesh,
Solan Brewery,SBY,,
Solapur Junction,SUR,Maharashtra,
Solapur Junction,SURM,Maharashtra,
Somanur,SNO,Tamil Nadu,
Somesar,SOS,,
Somna,SOM,,
Somnath,SMNH,Gujarat,
Sompeta,SPT,Andhra Pradesh,
Son Nagar,SEB,Bihar,
Sonagir,SOR,,
Sonarpur Junction,SPR,West Bengal,
Sondha Road,SCN,,
Sonegaon,SNN,,
Songadh,SGD,,
Soni,SONI,,
Sonik,SIC,,
Sonipat,SNP,Haryana,
Sonpur Junction,SEE,Bihar,
Sonwara,SWO,,
Sorbhog Junction,SBE,Assam,
Sorupeta,SPQ,Assam,
Soro,SORO,Odisha,
Soron,SRN,,
Sri Dungargarh,SDGH,Rajasthan,
Sri Kalahasti,KHT,Andhra Pradesh,
Srikakulam Road,CHE,Andhra Pradesh,
Srikrishna Nagar,SKN,,
Sriramnagar,SRNR,Andhra Pradesh,
"Srirampur, Assam",SRPB,Assam,
Srirangam,SRGM,Tamil Nadu,
Srivilliputtur,SVPR,Tamil Nadu,
Subansiri,SUZ,,
Subedarganj,SFG,,
Subrahmanya Road,SBHR,Karnataka,
Subzi Mandi,SZM,Delhi,
Suchipind,SCPD,,
Sudsar,SDF,,
Sujangarh,SUJH,,
Sujanpur,SJNP,,
Sukhisewaniyan,SUW,,
Sukhpar Roha,SRHA,,
Sukhpur,SUKP,,
Sukritipur,SQF,Assam,
Suladhal,SUL,,
Sulah Himachal Pradesh,SLHP,Himachal Pradesh,
Sulgare,SGRE,,
Sullurupeta,SPE,Andhra Pradesh,
Sultanganj,SGG,,
Sultanpur,SLN,,
Sultanpur Lodi,SQR,,
Sulur Road (Coimbatore),SUU,Tamil Nadu,
Sumer,SUMR,,
Summadevi,SUDV,,
Summer Hill,SHZ,,
Sumreri,SMRR,,
Sunam,SFM,Punjab,
SundaraperumalKoil,SPL,Tamil Nadu,
Sunderabad,SNBD,,
Sundlak,SDLK,,
Supaul,SOU,Bihar,
Suraimanpur,SIP,,
Surajgarh,SRGH,,
Surajpur,SUPR,Chhattisgarh,
Surajpur Road,SJQ,,
Surat,ST,Gujarat,
Suratgarh Junction,SOG,Rajasthan,
Surathkal,SL,Karnataka,
Suravali,SRVX,,
Sureli,SURL,,
Surendranagar,SUNR,Gujarat,
Suriawan,SAW,,
Surla Road,SLRD,Odisha,
Surpura,SPO,,
Suwansa,SWS,,
Suwasra,SVA,,
Swamimalai,SWI,Tamil Nadu,
Swarupganj,SRPJ,,
T[edit],,,
Station Name,Station Code,State,
Tadali,TAE,Maharashtra,
Tadepalligudem,TDD,Andhra Pradesh,
Tadipatri,TU,Andhra Pradesh,
Tadwal,TVL,Maharashtra,
Tahsil Bhadra,TSD,Rajasthan,
Tahsil Fatehpur,TSF,Uttar apradesh,
Tajpur,TJP,Madhya Pradesh,
Tajpur Dehma,TJD,Uttar apradesh,
Tamluk,TMZ,West Bengal,
Tamuriya,TMA,Bihar,
Takal,TAKL,Maharashtra,
Takari,TKR,Maharashtra,
Takarkhede,TKHE,Maharashtra,
Takia,TQA,Uttar Pradesh,
Taksal,TSL,Himachal Pradesh,
Taku,TAKU,Madhya Pradesh,
Talaiyuthu,TAY,Tamil Nadu,
Talara,TLRA,Himachal Pradesh,
Talakhajuri,TLKH,Uttar Pradesh,
Talala Junction,TAV,Gujarat,
Talavli,TLZ,Madhya Pradesh,
Talbahat,TBT,Uttar Pradesh,
Talcher,TLHR,Odisha,
Talchhapar,TLC,Rajasthan,
Talegaon Dabhade,TGN,Maharashtra,
Talguppa,TLGP,Karnataka,
Talheri Buzurg,THJ,Uttar Pradesh,
Talli Saidasahu,TSS,Punjab,
Talod,TOD,Gujarat,
Taloja,,Maharashtra,
Talwandi,TWB,Punjab,
Tambaram,TBM,Tamil Nadu,
Tamkuhi Road,TOI,Uttar Pradesh,
Tanakpur,TPU,Uttarakhand,
Tanda Urmar,TDO,Punjab,
Tandur,TDU,Telangana,
Tangla,TNL,Assam,
Tangra,TRA,West Bengal,
Tankuppa,TKN,,
Tanuku,TNKU,Andhra Pradesh,
Tanur,TA,Kerala,
Tapa,TAPA,Punjab,
Tapri,TPZ,Uttar Pradesh,
Tarabari,TRBE,Assam,
Taradevi,TVI,,
Tarak Nagar,TNX,,
Tarana Road,TAN,,
Taranga Hill,TRAH,,
Taraori,TRR,Haryana,
Taregna,TEA,,
Targaon,TAZ,,
Tarighat,TRG,,
Tarlupadu,TRL,,
Tarn Taran,TTO,Punjab,
Tarsai,TRSR,,
Tarsari Muria,TRSR,,
Tatanagar Junction,TATA,Jharkhand,
Tatibahar,TBH,,
Tatisilwai,TIS,Jharkhand,
Teghra,TGA,,
Teharka,TKA,,
Telam,TQM,,
Tellicherry,TLY,Kerala,
Tenali Junction,TEL,Andhra Pradesh,
Theni,TENI,Tamil Nadu,
Tenkasi,TSI,Tamil Nadu,
Tenmalai,TML,Tamil Nadu,
Tetelia,TTLA,Assam,
Tetulmari,TET,,
Tezpore,TZTB,Assam,
Thakurkuchi,TKC,Assam,
Thakurli,,Maharashtra,
Than Junction,THAN,Gujarat,
Thana Bihpur Junction,THB,Bihar,
Thandla Rd,THDR,Madhya Pradesh,
Thane,TNA,Maharashtra,
Thanjavur Junction,TJ,Tamil Nadu,
Thathana Mithri,THMR,,
Thawe Junction,THE,Maharashtra,
Thekeraguri,TGE,Assam,
Therubali,THV,Odisha,
Thrissur,TCR,Kerala,
Trivandrum Central,TVC,Kerala,
Thirumullaivoyal,TMVL,Tamil Nadu,
Thiruninravur,TI,Tamil Nadu,
Thiruvananthapuram Pettah,TVP,Kerala,
Thiruvarur Junction,TVR,Tamil Nadu,
Tiruvallur,TRL,Tamil Nadu,
Thivim,THVM,Goa,
Thokur,TOK,Karnataka,
"Thuria, India",THUR,,
Tibi,TIBI,Rajasthan,
Tihu,TIHU,Assam,
Tikaria,TKYR,,
Tikekarwadi,TKKD,,
Tikunia,TQN,,
Tilak Bridge,TKJ,Delhi,
Tilak Nagar,,Maharashtra,
Tilaru,TIU,Andhra Pradesh,
Tilaiya,TIA,Bihar,
Tilda,TLD,Chhattisgarh,
Tilhar,TLH,,
Tilrath,TIL,,
Tilwara,TWL,,
Timarni,TBN,Madhya Pradesh,
Timba Road,TBA,,
Timmapur,TMX,Andhra Pradesh,
Tinai Ghat,TGT,,
Tindivanam,TMV,Tamil Nadu,
Tinpahar Junction,TPH,Jharkhand,
Tinsukia Junction,TSK,Assam,
Tipkai,TPK,Assam,
Tipling,TPG,,
Tiptur,TTR,,
Tiruchirapalli Fort,TP,Tamil Nadu,
Tirodi,TRDI,Madhya Pradesh,
Tirora,TRO,Maharashtra,
Tiruchirapalli Junction,TPJ,Tamil Nadu,
Tiruchendur,TCN,Tamil Nadu,
Tiruchirapalli Palakkarai,TPE,Tamil Nadu,
Tirukoilur,TRK,Tamil Nadu,
Tirumangalam,TMQ,Tamil Nadu,
Tirunagesvaram,TRM,Tamil Nadu,
Tirunelveli Junction,TEN,Tamil Nadu,
Tirupadripuliyur,TDPR,Tamil Nadu,
Tirupati,TPTY,Andhra Pradesh,
Tirupattur Junction,TPT,Tamil Nadu,
Tiruppappuliyur,CUD,Tamil Nadu,
Tiruppur,TUP,Tamil Nadu,
Tirur,TIR,Kerala,
Tiruttani,TRT,Tamil Nadu,
Tiruttangal,TTL,Tamil Nadu,
Tiruturaipundi Junction,TTP,Tamil Nadu,
Tiruvalla,TRVL,Kerala,
Tiruvannamalai Town railway station,TNM,Tamil Nadu,
Tiruverumbur,TRB,Tamil Nadu,
Tiruvidaimarudur,TDR,Tamil Nadu,
Tiruvottiyur,TVT,Tamil Nadu,
Tisi,TISI,Maharashtra,
Tisua,TSA,Uttar Pradesh,
Titabar,TTB,Assam,
Titagarh,TGH,West Bengal,
Titlagarh Junction,TIG,Odisha,
Titwala,TL,Maharashtra,
Tivari,TIW,Rajasthan,
Todarpur,TDP,Uttar Pradesh,
Tohana,TUN,Haryana,
Toranagallu,TNGL,Andhra Pradesh,
Tori,TORI,Jharkhand,
Trichur,TCR,Kerala,
Trikarpur,TKQ,Kerala,
Trilochan Mahdo,TLMD,Uttar Pradesh,
Tripunittura,TRTR,Kerala,
Tondiarpet,TNP,Tamil Nadu,
Tsunduru,TSR,Andhra Pradesh,
Tughlakabad,TKD,Delhi,
Tukaithad,TTZ,Maharashtra,
Tulsipur,TLR,Hiamchal Pradesh,
Tulwara Jhil,TLI,Rajasthan,
Tumkur,TK,Karnataka,
Tumsar Road,TMR,Maharashtra,
Tundla Junction,TDL,Uttar Pradesh,
Tuni,TUNI,Andhra Pradesh,
Turbhe,TUH,Maharashtra,
Turtipar,TTI,Uttar Pradesh,
Tuti Melur,TME,Tamil Nadu,
Tuticorin,TN,Tamil Nadu,
Tuwa,TUWA,Gujarath,
Twining Ganj,TWG,Bihar,
Tyada,TXD,Andhra Pradesh,
U[edit],,,
Station Name,Station Code,State,
Uchana,UCA,Haryana,
Udhampur,UDH,Jammu & Kashmir,
Udaipur City,UDZ,Rajasthan,
Udalguri,ULG,Assam,
Udalkachar,UKR,Madhya Pradesh,
Udasar,UDS,Rajasthan,
Udgir,UDGR,Maharashtra,
Udhna Junction,UDN,Gujarat,
Udramsar,UMS,Rajasthan,
Udupi,UD,Karnataka,
Udvada,UVD,Gujarat,
Ugar Khurd,UGR,Karnataka,
Ugrasenpur,URPR,,
Ugwe,UGWE,Uttar Pradesh,
Ujhani,UJH,Uttar Pradesh,
Ujiarpur,UJP,Bihar,
Ujjain Junction,UJN,Madhya Pradesh,
Ukai Songadh,USD,Gujarat,
Ukshi,UKC,Maharashtra,
Ulavapadu,UPD,Andhra Pradesh,
Ulhasnagar,ULNR,Maharashtra,
Ullal,ULL,Karnataka,
Umar Tali,UTA,Uttar Pradesh,
Umaria,UMR,Madhya Pradesh,
Umbargam Road,UBR,Gujarat,
Umed,UMED,Maharashtra,
Umra,UMRA,Rajasthan,
Umreth,UMH,Gujarat,
Umri Maharashtra,UMRI,Maharashtra,
Umroli,UOI,Maharashtra,
Una,UNA,Gujarat,
Una Himachal,UHL,Himachal Pradesh,
Unai Vansada Rd,UNI,Gujarat,
Unchahar Junction,UCR,Uttar Pradesh,
Unchaulia,UCH,Uttar Pradesh,
Unchdih,UND,Uttar Pradesh,
Unchhera,UHR,Madhya Pradesh,
Unchi Bassi,UCB,Punjab,
Undasa Madhawpu,UDM,Madhya Pradesh,
Unhel,UNL,Madhya Pradesh,
Unjalur,URL,Tamil Nadu,
Unjha,UJA,Gujarat,
Unkal,UNK,Uttar Pradesh,
Unnao Junction,ON,Uttar Pradesh,
Uplai,UPI,Maharashtra,
Upleta,UA,Gujarat,
Uppal,OPL,Telangana,
Uppalavai,UPW,Telangana,
Urdauli,UDX,Uttar Pradesh,
Uruli Kanchan,URI,Maharashtra,
Usmanpur,UPR,Maharashtra,
Utarlai,UTL,Rajasthan,
Utarsanda,UTD,Gujarat,
Utrahtia,UTR,Uttar Pradesh,
Uttarkathani,UKE,Assam,
Uttarpara,UPA,West Bengal,
Uttukuli,UKL,Tamil Nadu,
Udumalpettai,UDT,Tamil Nadu,
V[edit],,,
Station Name,Station Code,State,
Vadakara,BDG,Kerala,
Vadal,VAL,Gujarat,
Vadali,VAE,Andhra Pradesh,
Vadgaon,VDN,Maharashtra,
Vadiya Devli,VDV,Gujarat,
Vadnagar,VDG,Gujarat,
Vadod,VXD,Gujarat,
Vadodara Junction,BRC,Gujarat,
Vadtal Swaminarayan,VTL,Gujarat,
Vadviyala,VVL,Gujarat,
Vaghli,VGL,Maharashtra,
Vaibhavwadi Rd,VBW,Maharashtra,
Vaikom,VARD,Kerala,
Vaitarna,VTN,Maharashtra,
Vaitheeswarankoil,VDL,Tamil Nadu,
Valadar,VLDR,Gujarat,
Valivade,VV,Maharashtra,
Vallabh Vidyanagar,VLYN,Gujarat,
Vallikkunnu,VLI,Kerala,
Valliyur,VLY,Tamil Nadu,
Valsad,BL,Gujarat,
Vedchha,VDH,Gujarat,
Vambori,VBR,Maharashtra,
Vangaon,VGN,Maharashtra,
Vangal,VGL,Tamil Nadu,
Vangani,,Maharashtra,
Vaniyambadi,VN,Tamil Nadu,
Vapi,VAPI,Gujarat,
Varahi,VRX,Gujarat,
Varanasi City,BCY,Uttar Pradesh,
Varanasi Junction,BSB,Uttar Pradesh,
Varangaon,VNA,Maharashtra,
Varkala Sivagiri Station,VAK,Kerala,
Vartej,VTJ,Gujarat,
Vasad Junction,VDA,Gujarat,
Vasai Road,BS,Maharashtra,
Vasco da Gama,VSG,Goa,
Vashi,V,Maharashtra,
Vasind,VSD,Maharashtra,
Vatva,VTA,Gujarat,
Vavdi,VVD,Gujarat,
Vavdi Khurd,VKG,Gujarat,
Vavera,VVV,Gujarat,
Vayalpad,VLD,Andhra Pradesh,
Veer,VEER,Maharashtra,
Vellore Cantonment,VLR,Tamil Nadu,
Vellore Town,VT,Tamil Nadu,
Venkatanarashimarajuvaripeta,VKZ,Andhra Pradesh,
Veraval,VRL,Gujarat,
Verka Junction,VKA,Punjab,
Verna,VEN,Goa,
Vetapalemu,VTM,Andhra Pradesh,
Vidisha,BHS,Madhya Pradesh,
Vidyasagar,VDS,jharkhand,
Vidyavihar,VVH,Maharashtra,
Vijapur,VJF,Gujarat,
Vijayawada Junction,BZA,Andhra Pradesh,
Vijaypur Jammu,VJPJ,Jammu and Kashmir,
Vijpadi Road,VJD,Gujarat,
Vikarabad Junction,VKB,Telangana,
Vikhroli,,Maharashtra,
Vikramgarh Alot,VMA,Madhya Pradesh,
Vikramnagar,VRG,Madhya Pradesh,
Vilad,VL,Maharashtra,
Vilavade,VID,Maharashtra,
Vile Parle,VLP,Maharashtra,
Villivakkam,VLK,Tamil Nadu,
Villupuram Junction,VM,Tamil Nadu,
Vindhyachal,BDL,Uttar Pradesh,
Vinukonda,VKD,Andhra Pradesh,
Viramgam Junction,VG,Gujarat,
Virar,VR,Maharashtra,
Virarakkiyam,VRQ,Tamil Nadu,
Virbhadra,VRH,Uttarakhand,
Virdel Road,VRD,Maharashtra,
Virpur,VRR,Gujarat,
Virudunagar Junction,VPT,Tamil Nadu,
Visapur,VPR,Maharashtra,
Visavadar,VSW,Gujarat,
Visakhapatnam Junction,VSKP,Andhra Pradesh/VSKP,
Vishvamitri,VS,Gujarat,
Visnagar,VNG,Gujarat,
Viswanath Chrli,VNE,Assam,
Vithalwadi,,Maharashtra,
Viveka Vihar,VVB,Delhi,
Vizianagaram Junction,VZM,Andhra Pradesh,
V. O. C. Nagar,VOC,Tamil Nadu,
Vondh,VON,Gujarat,
Vriddhachalam Junction,VRI,Tamil nadu,
Vrindavan,BDB,Uttar Pradesh,
Vyara,VYA,Gujarat,
Vyasarpadi Jeeva,VJM,Tamil Nadu,
Vyasnagar,VYN,Uttar Pradesh,
W[edit],,,
Station Name,Station Code,State,
Wadakanchery,WKI,Kerala,
Wadala Road,,Maharashtra,
Wadhwan City,WC,Gujarat,
Wadi Junction,WADI,Karnataka,
Wadiaram,WDR,Telangana,
Waghoda,WGA,Maharashtra,
Wadoda,WDD,Maharashtra,
Wadrengdisa,WDA,Assam,
Wair,WAIR,Rajasthan,
Walajah Road Junction,WJR,Tamil Nadu,
Waltair,WAT,Andhra Pradesh,
Wan Road,WND,Maharashtra,
Wankaner Junction,WKR,Gujarat,
Wanparti Road,WPR,Telangana,
Wansjaliya,WSJ,Gujarat,
Warangal,WL,Telangana,
Wardha East,WRE,Maharashtra,
Wardha Junction,WR,Maharashtra,
Waria,OYR,West Bengal,
Waris Aleganj,WRS,Uttar Pradesh,
Warora,WRR,Maharashtra,
Washim,WHM,Maharashtra,
Wathar,WTR,Maharashtra,
Wellington,WEL,Tamil Nadu,
West Mambalam,MBM,Tamil Nadu,
Wena,WENA,Bihar,
Whitefield,WFD,Karnataka,
Wimco Nagar,WCN,Tamil Nadu,
Wyndhamganj,WDM,Uttar Pradesh,
Y[edit],,,
Station Name,Station Code,State,
Yadgir,YG,Karnataka,
Yamuna,JAB,Uttar Pradesh,
Yavatmal Terminus,YTL,Maharashtra,
Yedakumeri,YDK,Karnataka,
Yelahanka Junction,YNK,Karnataka,
Yeliyur,Y,Karnataka,
Yeola,YL,Maharashtra,
Yerraguntla Junction,YA,Andhra Pradesh,
Yesvantpur Junction,YPR,Karnataka,
Yevat,YT,Maharashtra,
Yusufpur,YFP,Uttar Pradesh,
Z[edit],,,
,,,
Station Name,Station Code,State,
Zafarabad Junction,ZBD,Uttar Pradesh,
Zahirabad,ZB,Telangana,
Zamania,ZNA,Uttar Pradesh,
Zampini,ZPI,Andhra Pradesh,
Zawar,ZW,Rajasthan,
Zankhvav,ZNK,Gujarat,
